datetime (local time),measurement (Â°C)
2025-03-22 18:18:58.223813,13.296346664428711
2025-03-22 18:19:09.817522,13.124746322631836
2025-03-22 18:20:09.806111,12.567041397094727
2025-03-22 18:21:09.811782,12.020059585571289
2025-03-22 18:22:09.818158,11.430181503295898
2025-03-22 18:23:09.824883,10.808126449584961
2025-03-22 18:24:09.831763,10.196794509887695
2025-03-22 18:25:09.817107,9.617639541625977
2025-03-22 18:26:09.807895,9.02775764465332
2025-03-22 18:27:09.802704,8.43787956237793
2025-03-22 18:28:09.801486,7.869448184967041
2025-03-22 18:29:09.802408,7.322470188140869
2025-03-22 18:30:09.803591,6.775488376617432
2025-03-22 18:31:09.807309,6.239233493804932
2025-03-22 18:32:09.810380,5.713705539703369
2025-03-22 18:33:09.814097,5.20962381362915
2025-03-22 18:34:09.818019,4.726995944976807
2025-03-22 18:35:09.821715,4.287264347076416
2025-03-22 18:36:09.823821,3.911886692047119
2025-03-22 18:37:09.827746,3.686659336090088
2025-03-22 18:38:09.830803,3.5365090370178223
2025-03-22 18:39:09.833903,3.3541817665100098
2025-03-22 18:40:09.837874,2.9144539833068848
2025-03-22 18:41:09.839965,2.3138489723205566
2025-03-22 18:42:09.841970,1.8097671270370483
2025-03-22 18:43:09.845187,1.3271392583847046
2025-03-22 18:44:09.849245,0.8874114751815796
2025-03-22 18:45:09.852252,0.44767990708351135
2025-03-22 18:46:09.854309,-0.01349792443215847
2025-03-22 18:47:09.855488,-0.453225702047348
2025-03-22 18:48:09.858514,-0.8607803583145142
2025-03-22 18:49:09.861630,-1.268334984779358
2025-03-22 18:50:09.859235,-1.697339653968811
2025-03-22 18:51:09.846352,-2.083444118499756
2025-03-22 18:52:09.836259,-2.4695448875427246
2025-03-22 18:53:09.827142,-0.045674897730350494
2025-03-22 18:54:09.821813,0.050852201879024506
2025-03-22 18:55:09.818033,0.06157531589269638
2025-03-22 18:56:09.813788,0.06157531589269638
2025-03-22 18:57:09.811373,0.050852201879024506
2025-03-22 18:58:09.808550,0.06157531589269638
2025-03-22 18:59:09.805517,0.050852201879024506
2025-03-22 19:00:09.803784,0.040125273168087006
2025-03-22 19:01:09.802548,0.050852201879024506
2025-03-22 19:02:09.800913,0.050852201879024506
2025-03-22 19:03:09.799053,0.040125273168087006
2025-03-22 19:04:09.798821,0.050852201879024506
2025-03-22 19:05:09.797477,0.06157531589269638
2025-03-22 19:06:09.796102,0.06157531589269638
2025-03-22 19:07:09.794913,0.06157531589269638
2025-03-22 19:08:09.794032,0.040125273168087006
2025-03-22 19:09:09.793029,0.040125273168087006
2025-03-22 19:10:09.792954,0.050852201879024506
2025-03-22 19:11:09.792168,0.06157531589269638
2025-03-22 19:12:09.791684,0.050852201879024506
2025-03-22 19:13:09.791661,0.050852201879024506
2025-03-22 19:14:09.792271,0.040125273168087006
2025-03-22 19:15:09.792600,0.040125273168087006
2025-03-22 19:16:09.792294,0.040125273168087006
2025-03-22 19:17:09.792719,0.040125273168087006
2025-03-22 19:18:09.791319,0.06157531589269638
2025-03-22 19:19:09.791882,0.06157531589269638
2025-03-22 19:20:09.791559,0.040125273168087006
2025-03-22 19:21:09.792091,0.050852201879024506
2025-03-22 19:22:09.790747,0.050852201879024506
2025-03-22 19:23:09.790358,0.040125273168087006
2025-03-22 19:24:09.789099,0.06157531589269638
2025-03-22 19:25:09.788804,0.02940216101706028
2025-03-22 19:26:09.787271,0.07230224460363388
2025-03-22 19:27:09.787091,0.050852201879024506
2025-03-22 19:28:09.786870,0.050852201879024506
2025-03-22 19:29:09.786669,0.040125273168087006
2025-03-22 19:30:09.785354,0.02940216101706028
2025-03-22 19:31:09.785061,0.06157531589269638
2025-03-22 19:32:09.784871,0.040125273168087006
2025-03-22 19:33:09.784643,0.01867523230612278
2025-03-22 19:34:09.782356,0.040125273168087006
2025-03-22 19:35:09.782124,0.050852201879024506
2025-03-22 19:36:09.781906,0.040125273168087006
2025-03-22 19:37:09.783698,0.02940216101706028
2025-03-22 19:38:09.784488,0.02940216101706028
2025-03-22 19:39:09.786040,0.040125273168087006
2025-03-22 19:40:09.784990,0.040125273168087006
2025-03-22 19:41:09.785809,0.01867523230612278
2025-03-22 19:42:09.786568,0.01867523230612278
2025-03-22 19:43:09.787331,0.02940216101706028
2025-03-22 19:44:09.786984,0.02940216101706028
2025-03-22 19:45:09.786853,0.01867523230612278
2025-03-22 19:46:09.786660,0.01867523230612278
2025-03-22 19:47:09.786396,0.01867523230612278
2025-03-22 19:48:09.786262,0.02940216101706028
2025-03-22 19:49:09.787049,0.01867523230612278
2025-03-22 19:50:09.786851,0.007952118292450905
2025-03-22 19:51:09.787661,0.007952118292450905
2025-03-22 19:52:09.789490,0.007952118292450905
2025-03-22 19:53:09.790231,-0.0027748108841478825
2025-03-22 19:54:09.791728,-0.0027748108841478825
2025-03-22 19:55:09.793864,-0.0027748108841478825
2025-03-22 19:56:09.794649,-0.01349792443215847
2025-03-22 19:57:09.794209,-0.0027748108841478825
2025-03-22 19:58:09.794026,-0.01349792443215847
2025-03-22 19:59:09.795014,-0.01349792443215847
2025-03-22 20:00:09.794724,0.01867523230612278
2025-03-22 20:01:09.789172,-0.01349792443215847
2025-03-22 20:02:09.785059,0.007952118292450905
2025-03-22 20:03:09.780345,0.007952118292450905
2025-03-22 20:04:09.777953,-0.01349792443215847
2025-03-22 20:05:09.774790,0.007952118292450905
2025-03-22 20:06:09.771948,-0.01349792443215847
2025-03-22 20:07:09.768311,0.007952118292450905
2025-03-22 20:08:09.764792,-0.034947969019412994
2025-03-22 20:09:09.763635,-0.0027748108841478825
2025-03-22 20:10:09.762527,-0.01349792443215847
2025-03-22 20:11:09.760567,-0.02422485314309597
2025-03-22 20:12:09.759585,-0.045674897730350494
2025-03-22 20:13:09.757918,-0.02422485314309597
2025-03-22 20:14:09.757315,-0.034947969019412994
2025-03-22 20:15:09.756844,-0.045674897730350494
2025-03-22 20:16:09.754286,-0.02422485314309597
2025-03-22 20:17:09.752928,-0.02422485314309597
2025-03-22 20:18:09.751583,-0.034947969019412994
2025-03-22 20:19:09.749327,-0.045674897730350494
2025-03-22 20:20:09.747109,-0.045674897730350494
2025-03-22 20:21:09.746924,-0.045674897730350494
2025-03-22 20:22:09.745789,-0.045674897730350494
2025-03-22 20:23:09.744708,-0.05639801174402237
2025-03-22 20:24:09.742598,-0.06712494045495987
2025-03-22 20:25:09.741417,-0.06712494045495987
2025-03-22 20:26:09.739398,-0.06712494045495987
2025-03-22 20:27:09.737331,-0.07784805446863174
2025-03-22 20:28:09.735350,-0.045674897730350494
2025-03-22 20:29:09.735583,-0.05639801174402237
2025-03-22 20:30:09.734571,-0.08857498317956924
2025-03-22 20:31:09.734692,-0.08857498317956924
2025-03-22 20:32:09.734764,-0.11002502590417862
2025-03-22 20:33:09.734784,-0.1314750611782074
2025-03-22 20:34:09.735907,-0.11002502590417862
2025-03-22 20:35:09.735355,-0.17437514662742615
2025-03-22 20:36:09.734816,-0.15292510390281677
2025-03-22 20:37:09.734220,-0.14219817519187927
2025-03-22 20:38:09.733694,-0.17437514662742615
2025-03-22 20:39:09.733949,-0.19582518935203552
2025-03-22 20:40:09.733426,-0.19582518935203552
2025-03-22 20:41:09.733462,-0.19582518935203552
2025-03-22 20:42:09.734106,-0.2280021607875824
2025-03-22 20:43:09.732390,-0.26017531752586365
2025-03-22 20:44:09.731668,-0.281625360250473
2025-03-22 20:45:09.731833,-0.26017531752586365
2025-03-22 20:46:09.729954,-0.2923522889614105
2025-03-22 20:47:09.729099,-0.3138023316860199
2025-03-22 20:48:09.729411,-0.3030754029750824
2025-03-22 20:49:09.729697,-0.3352523744106293
2025-03-22 20:50:09.729883,-0.3674255311489105
2025-03-22 20:51:09.729993,-0.35670241713523865
2025-03-22 20:52:09.731380,-0.3996025025844574
2025-03-22 20:53:09.731602,-0.4210525453090668
2025-03-22 20:54:09.731773,-0.44250258803367615
2025-03-22 20:55:09.731977,-0.4639526307582855
2025-03-22 20:56:09.731041,-0.3996025025844574
2025-03-22 20:57:09.730331,-0.43177565932273865
2025-03-22 20:58:09.729649,-0.3996025025844574
2025-03-22 20:59:09.727749,-0.3888755738735199
2025-03-22 21:00:09.727982,-0.4103256165981293
2025-03-22 21:01:09.726912,-0.4210525453090668
2025-03-22 21:02:09.725816,-0.4210525453090668
2025-03-22 21:03:09.725800,-0.43177565932273865
2025-03-22 21:04:09.724720,-0.44250258803367615
2025-03-22 21:05:09.724695,-0.3996025025844574
2025-03-22 21:06:09.722789,-0.43177565932273865
2025-03-22 21:07:09.720826,-0.44250258803367615
2025-03-22 21:08:09.718839,-0.474679559469223
2025-03-22 21:09:09.715945,-0.453225702047348
2025-03-22 21:10:09.715023,-0.474679559469223
2025-03-22 21:11:09.713131,-0.4854026734828949
2025-03-22 21:12:09.713218,-0.4854026734828949
2025-03-22 21:13:09.713317,-0.4854026734828949
2025-03-22 21:14:09.711503,-0.4961296021938324
2025-03-22 21:15:09.709548,-0.5068527460098267
2025-03-22 21:16:09.708722,-0.5390297174453735
2025-03-22 21:17:09.708808,-0.5390297174453735
2025-03-22 21:18:09.707885,-0.5390297174453735
2025-03-22 21:19:09.706896,-0.5497528314590454
2025-03-22 21:20:09.706220,-0.5604797601699829
2025-03-22 21:21:09.705374,-0.5926529169082642
2025-03-22 21:22:09.704567,-0.5819298028945923
2025-03-22 21:23:09.703714,-0.6033798456192017
2025-03-22 21:24:09.703936,-0.6141029596328735
2025-03-22 21:25:09.702980,-0.6462799310684204
2025-03-22 21:26:09.703083,-0.6462799310684204
2025-03-22 21:27:09.702266,-0.699903130531311
2025-03-22 21:28:09.700399,-0.7749801874160767
2025-03-22 21:29:09.699967,-0.8393303155899048
2025-03-22 21:30:09.699334,-0.892957329750061
2025-03-22 21:31:09.700785,-0.9358574151992798
2025-03-22 21:32:09.701233,-1.0109344720840454
2025-03-22 21:33:09.700712,-1.064557671546936
2025-03-22 21:34:09.698930,-1.1289077997207642
2025-03-22 21:35:09.698414,-1.1825348138809204
2025-03-22 21:36:09.700778,-1.2468849420547485
2025-03-22 21:37:09.700040,-1.332685112953186
2025-03-22 21:38:09.699145,-1.3863121271133423
2025-03-22 21:39:09.699704,-1.439935326576233
2025-03-22 21:40:09.699932,-1.5257354974746704
2025-03-22 21:41:09.700265,-1.600812554359436
2025-03-22 21:42:09.700603,-1.6544395685195923
2025-03-22 21:43:09.700824,-1.7295128107070923
2025-03-22 21:44:09.699993,-1.8260399103164673
2025-03-22 21:45:09.700257,-1.901116967201233
2025-03-22 21:46:09.701695,-1.9976402521133423
2025-03-22 21:47:09.701830,-2.061990261077881
2025-03-22 21:48:09.704030,-2.158517360687256
2025-03-22 21:49:09.703369,-2.2335944175720215
2025-03-22 21:50:09.703497,-2.330117702484131
2025-03-22 21:51:09.704811,-2.4373717308044434
2025-03-22 21:52:09.704959,-2.523171901702881
2025-03-22 21:53:09.704063,-2.6304221153259277
2025-03-22 21:54:09.704527,-2.598245143890381
2025-03-22 21:55:09.705895,-2.598245143890381
2025-03-22 21:56:09.705922,-2.555345058441162
2025-03-22 21:57:09.704854,-2.523171901702881
2025-03-22 21:58:09.704185,-2.5338950157165527
2025-03-22 21:59:09.702256,-2.5017218589782715
2025-03-22 22:00:09.700683,-2.5338950157165527
2025-03-22 22:01:09.697645,-2.5446219444274902
2025-03-22 22:02:09.696641,-2.5660719871520996
2025-03-22 22:03:09.695593,-2.587522029876709
2025-03-22 22:04:09.694597,-2.6089720726013184
2025-03-22 22:05:09.692591,-2.6304221153259277
2025-03-22 22:06:09.691571,-2.6733222007751465
2025-03-22 22:07:09.689762,-2.7054991722106934
2025-03-22 22:08:09.689781,-2.7698493003845215
2025-03-22 22:09:09.687900,-2.8020224571228027
2025-03-22 22:10:09.688039,-2.8341994285583496
2025-03-22 22:11:09.686169,-2.9092764854431152
2025-03-22 22:12:09.685277,-2.9843497276306152
2025-03-22 22:13:09.684187,-3.0057997703552246
2025-03-22 22:14:09.684491,-3.0808768272399902
2025-03-22 22:15:09.683723,-3.123776912689209
2025-03-22 22:16:09.684850,-3.2095770835876465
2025-03-22 22:17:09.683912,-3.2524771690368652
2025-03-22 22:18:09.683109,-3.3168272972106934
2025-03-22 22:19:09.682338,-3.3811774253845215
2025-03-22 22:20:09.681391,-3.4455313682556152
2025-03-22 22:21:09.681668,-3.5098814964294434
2025-03-22 22:22:09.679596,-3.595681667327881
2025-03-22 22:23:09.679932,-3.660031795501709
2025-03-22 22:24:09.679213,-3.7458319664001465
2025-03-22 22:25:09.677315,-3.831632137298584
2025-03-22 22:26:09.676576,-4.003236293792725
2025-03-22 22:27:09.675791,-4.1748366355896
2025-03-22 22:28:09.675909,-4.389337062835693
2025-03-22 22:29:09.676096,-4.593114376068115
2025-03-22 22:30:09.676221,-4.839791774749756
2025-03-22 22:31:09.676595,-5.054296016693115
2025-03-22 22:32:09.676754,-5.300973415374756
2025-03-22 22:33:09.676844,-5.569100856781006
2025-03-22 22:34:09.675092,-5.826501369476318
2025-03-22 22:35:09.675348,-6.105355739593506
2025-03-22 22:36:09.676760,-6.373483180999756
2025-03-22 22:37:09.676005,-6.684510707855225
2025-03-22 22:38:09.676498,-6.984811305999756
2025-03-22 22:39:09.674614,-7.3280158042907715
2025-03-22 22:40:09.673917,-7.681943416595459
2025-03-22 22:41:09.674322,-8.100221633911133
2025-03-22 22:42:09.674660,-8.539953231811523
2025-03-22 22:43:09.673951,-9.001131057739258
2025-03-22 22:44:09.674186,-9.440858840942383
2025-03-22 22:45:09.674502,-9.891313552856445
2025-03-22 22:46:09.673556,-10.288141250610352
2025-03-22 22:47:09.674043,-10.684972763061523
2025-03-22 22:48:09.675271,-11.08180046081543
2025-03-22 22:49:09.676384,-11.446451187133789
2025-03-22 22:50:09.674821,-11.843282699584961
2025-03-22 22:51:09.675105,-12.186483383178711
2025-03-22 22:52:09.673307,-12.433160781860352
2025-03-22 22:53:09.672563,-12.658388137817383
2025-03-22 22:54:09.673785,-12.829992294311523
2025-03-22 22:55:09.672989,-13.03376579284668
2025-03-22 22:56:09.672279,-13.20536994934082
2025-03-22 22:57:09.672586,-13.376970291137695
2025-03-22 22:58:09.671737,-13.505670547485352
2025-03-22 22:59:09.670004,-13.655824661254883
2025-03-22 23:00:09.671034,-13.773797988891602
2025-03-22 23:01:09.669985,-13.891775131225586
2025-03-22 23:02:09.669811,-14.00975227355957
2025-03-22 23:03:09.667710,-14.138452529907227
2025-03-22 23:04:09.668694,-14.245702743530273
2025-03-22 23:05:09.667633,-14.320779800415039
2025-03-22 23:06:09.667626,-14.428030014038086
2025-03-22 23:07:09.667556,-14.513830184936523
2025-03-22 23:08:09.666622,-14.599630355834961
2025-03-22 23:09:09.665723,-14.674707412719727
2025-03-22 23:10:09.665713,-14.749784469604492
2025-03-22 23:11:09.663725,-14.824857711791992
2025-03-22 23:12:09.661806,-14.878484725952148
2025-03-22 23:13:09.660897,-14.964284896850586
2025-03-22 23:14:09.659918,-15.028635025024414
2025-03-22 23:15:09.659092,-15.092987060546875
2025-03-22 23:16:09.659160,-15.146612167358398
2025-03-22 23:17:09.659290,-15.168062210083008
2025-03-22 23:18:09.659518,-15.24313735961914
2025-03-22 23:19:09.658619,-15.296762466430664
2025-03-22 23:20:09.657762,-15.318212509155273
2025-03-22 23:21:09.658804,-15.37183952331543
2025-03-22 23:22:09.656997,-15.425464630126953
2025-03-22 23:23:09.655146,-15.457639694213867
2025-03-22 23:24:09.656094,-15.489814758300781
2025-03-22 23:25:09.656515,-15.521989822387695
2025-03-22 23:26:09.655624,-15.564889907836914
2025-03-22 23:27:09.654809,-15.629241943359375
2025-03-22 23:28:09.653977,-15.704317092895508
2025-03-22 23:29:09.654091,-15.790117263793945
2025-03-22 23:30:09.654120,-15.897369384765625
2025-03-22 23:31:09.653503,-15.972444534301758
2025-03-22 23:32:09.653617,-16.09041976928711
2025-03-22 23:33:09.651767,-16.19767189025879
2025-03-22 23:34:09.650944,-16.29419708251953
2025-03-22 23:35:09.651244,-16.401447296142578
2025-03-22 23:36:09.650812,-16.530149459838867
2025-03-22 23:37:09.649099,-16.658849716186523
2025-03-22 23:38:09.648492,-16.766101837158203
2025-03-22 23:39:09.647803,-16.884077072143555
2025-03-22 23:40:09.645896,-17.02350425720215
2025-03-22 23:41:09.645472,-17.152204513549805
2025-03-22 23:42:09.644604,-17.259456634521484
2025-03-22 23:43:09.644873,-17.398881912231445
2025-03-22 23:44:09.643082,-17.51685905456543
2025-03-22 23:45:09.643546,-17.624109268188477
2025-03-22 23:46:09.642758,-17.752809524536133
2025-03-22 23:47:09.643013,-17.870786666870117
2025-03-22 23:48:09.644287,-17.978036880493164
2025-03-22 23:49:09.643342,-18.085289001464844
2025-03-22 23:50:09.642695,-18.149639129638672
2025-03-22 23:51:09.640918,-18.203264236450195
2025-03-22 23:52:09.637922,-18.23543930053711
2025-03-22 23:53:09.636428,-18.278339385986328
2025-03-22 23:54:09.634687,-18.278339385986328
2025-03-22 23:55:09.633885,-18.331966400146484
2025-03-22 23:56:09.632099,-18.34269142150879
2025-03-22 23:57:09.630221,-18.3641414642334
2025-03-22 23:58:09.629549,-18.385591506958008
2025-03-22 23:59:09.629737,-18.374866485595703
2025-03-23 00:00:09.628966,-18.407041549682617
2025-03-23 00:01:09.627847,-18.396316528320312
2025-03-23 00:02:09.627710,-18.374866485595703
2025-03-23 00:03:09.626651,-18.407041549682617
2025-03-23 00:04:09.625488,-18.396316528320312
2025-03-23 00:05:09.624248,-18.407041549682617
2025-03-23 00:06:09.622336,-18.374866485595703
2025-03-23 00:07:09.620240,-18.385591506958008
2025-03-23 00:08:09.618388,-18.353416442871094
2025-03-23 00:09:09.616325,-18.353416442871094
2025-03-23 00:10:09.615354,-18.331966400146484
2025-03-23 00:11:09.613417,-18.331966400146484
2025-03-23 00:12:09.613495,-18.310516357421875
2025-03-23 00:13:09.612619,-18.29979133605957
2025-03-23 00:14:09.611631,-18.278339385986328
2025-03-23 00:15:09.611655,-18.246164321899414
2025-03-23 00:16:09.611837,-18.246164321899414
2025-03-23 00:17:09.609909,-18.23543930053711
2025-03-23 00:18:09.606976,-18.2139892578125
2025-03-23 00:19:09.606966,-18.17108917236328
2025-03-23 00:20:09.606163,-18.160364151000977
2025-03-23 00:21:09.605370,-18.138914108276367
2025-03-23 00:22:09.603366,-18.07456398010254
2025-03-23 00:23:09.604669,-18.03166389465332
2025-03-23 00:24:09.604794,-18.010211944580078
2025-03-23 00:25:09.603899,-17.978036880493164
2025-03-23 00:26:09.603031,-17.96731185913086
2025-03-23 00:27:09.602177,-17.978036880493164
2025-03-23 00:28:09.602137,-17.999486923217773
2025-03-23 00:29:09.603499,-17.999486923217773
2025-03-23 00:30:39.021812,-17.216554641723633
2025-03-23 00:31:39.001807,-15.940269470214844
2025-03-23 00:32:13.138924,-15.436189651489258
2025-03-23 00:32:23.117686,-15.318212509155273
2025-03-23 00:32:33.117694,-15.168062210083008
2025-03-23 00:32:43.116733,-15.039360046386719
2025-03-23 00:32:53.116788,-14.921384811401367
2025-03-23 00:33:03.116750,-14.81413459777832
2025-03-23 00:33:13.116780,-14.706884384155273
2025-03-23 00:33:23.115836,-14.578180313110352
2025-03-23 00:33:33.115904,-14.470930099487305
2025-03-23 00:33:43.114834,-14.363679885864258
2025-03-23 00:33:53.113897,-14.256429672241211
2025-03-23 00:34:03.113962,-14.138452529907227
2025-03-23 00:34:13.113956,-14.052652359008789
2025-03-23 00:34:23.113991,-13.956125259399414
2025-03-23 00:34:33.113070,-13.827425003051758
2025-03-23 00:34:43.113166,-13.730897903442383
2025-03-23 00:34:53.112325,-13.645097732543945
2025-03-23 00:35:03.111912,-13.537847518920898
2025-03-23 00:35:13.111387,-13.462770462036133
2025-03-23 00:35:23.111638,-13.334070205688477
2025-03-23 00:35:33.111397,-13.258993148803711
2025-03-23 00:35:43.111795,-13.151742935180664
2025-03-23 00:35:53.110949,-13.055215835571289
2025-03-23 00:36:03.109826,-12.95869255065918
2025-03-23 00:36:13.109960,-12.872892379760742
2025-03-23 00:36:23.110052,-12.776365280151367
2025-03-23 00:36:33.110138,-12.701288223266602
2025-03-23 00:36:43.109209,-12.594038009643555
2025-03-23 00:36:53.109300,-12.529687881469727
2025-03-23 00:37:03.108328,-12.443887710571289
2025-03-23 00:37:13.108499,-12.347360610961914
2025-03-23 00:37:23.108581,-12.250833511352539
2025-03-23 00:37:33.107688,-12.15431022644043
2025-03-23 00:37:43.107742,-12.079233169555664
2025-03-23 00:37:53.106757,-12.025609970092773
2025-03-23 00:38:03.106636,-11.929082870483398
2025-03-23 00:38:13.106917,-11.832555770874023
2025-03-23 00:38:23.105983,-11.757482528686523
2025-03-23 00:38:33.105072,-11.67167854309082
2025-03-23 00:38:43.104915,-11.585878372192383
2025-03-23 00:38:53.104217,-11.500078201293945
2025-03-23 00:39:03.105235,-11.42500114440918
2025-03-23 00:39:13.105276,-11.382101058959961
2025-03-23 00:39:23.104349,-11.264127731323242
2025-03-23 00:39:33.104537,-11.199777603149414
2025-03-23 00:39:43.104608,-11.092523574829102
2025-03-23 00:39:53.104710,-11.049623489379883
2025-03-23 00:40:03.104743,-10.953100204467773
2025-03-23 00:40:13.104748,-10.86729621887207
2025-03-23 00:40:23.103787,-10.79222297668457
2025-03-23 00:40:33.103907,-10.727872848510742
2025-03-23 00:40:43.103964,-10.684972763061523
2025-03-23 00:40:53.103035,-10.59916877746582
2025-03-23 00:41:03.102984,-10.513368606567383
2025-03-23 00:41:13.103085,-10.416845321655273
2025-03-23 00:41:23.103040,-10.363218307495117
2025-03-23 00:41:33.103130,-10.266691207885742
2025-03-23 00:41:43.103352,-10.223791122436523
2025-03-23 00:41:53.102407,-10.137990951538086
2025-03-23 00:42:03.102401,-10.08436393737793
2025-03-23 00:42:13.102576,-10.020013809204102
2025-03-23 00:42:23.102396,-9.944940567016602
2025-03-23 00:42:33.102635,-9.869863510131836
2025-03-23 00:42:43.101722,-9.805513381958008
2025-03-23 00:42:53.101788,-9.730436325073242
2025-03-23 00:43:03.100884,-9.655363082885742
2025-03-23 00:43:13.100780,-9.601736068725586
2025-03-23 00:43:23.099868,-9.505208969116211
2025-03-23 00:43:33.099919,-9.462308883666992
2025-03-23 00:43:43.099101,-9.397958755493164
2025-03-23 00:43:53.097879,-9.312158584594727
2025-03-23 00:44:03.098171,-9.25853157043457
2025-03-23 00:44:13.097184,-9.194181442260742
2025-03-23 00:44:23.096394,-9.140558242797852
2025-03-23 00:44:33.095913,-9.054758071899414
2025-03-23 00:44:43.095241,-8.99040412902832
2025-03-23 00:44:53.095373,-8.926054000854492
2025-03-23 00:45:03.094527,-8.840253829956055
2025-03-23 00:45:13.093489,-8.818803787231445
2025-03-23 00:45:23.093579,-8.72227668762207
2025-03-23 00:45:33.093240,-8.66865348815918
2025-03-23 00:45:43.093666,-8.582853317260742
2025-03-23 00:45:53.093642,-8.539953231811523
2025-03-23 00:46:03.093767,-8.486326217651367
2025-03-23 00:46:13.093681,-8.389799118041992
2025-03-23 00:46:15.191317,-8.37907600402832
2025-03-23 00:46:45.166875,-8.196748733520508
2025-03-23 00:47:15.166355,-8.025148391723633
2025-03-23 00:47:45.165347,-7.799920558929443
2025-03-23 00:48:15.165638,-7.63904333114624
2025-03-23 00:48:45.164701,-7.445992946624756
2025-03-23 00:49:15.163945,-7.285115718841553
2025-03-23 00:49:45.162936,-7.092061519622803
2025-03-23 00:50:15.162056,-6.920461177825928
2025-03-23 00:50:45.161198,-6.738133907318115
2025-03-23 00:51:15.161338,-6.56653356552124
2025-03-23 00:51:45.161347,-6.416383266448975
2025-03-23 00:52:15.160662,-6.223329067230225
2025-03-23 00:52:45.159591,-6.05172872543335
2025-03-23 00:53:15.159890,-5.901578426361084
2025-03-23 00:53:45.158850,-5.7192511558532715
2025-03-23 00:54:15.159133,-5.569100856781006
2025-03-23 00:54:45.159118,-5.386773586273193
2025-03-23 00:55:15.158427,-5.236619472503662
2025-03-23 00:55:45.158196,-5.075746059417725
2025-03-23 00:56:15.159680,-4.936318874359131
2025-03-23 00:56:45.159765,-4.775441646575928
2025-03-23 00:57:15.160887,-4.603841304779053
2025-03-23 00:57:45.160984,-4.464414119720459
2025-03-23 00:58:15.161007,-4.303536891937256
2025-03-23 00:58:45.161222,-4.142659664154053
2025-03-23 00:59:15.161162,-4.0139594078063965
2025-03-23 00:59:45.161542,-3.8423590660095215
2025-03-23 01:00:15.160499,-3.7136588096618652
2025-03-23 01:00:45.160534,-3.5742316246032715
2025-03-23 01:01:15.159416,-3.424081325531006
2025-03-23 01:01:45.159247,-3.2739272117614746
2025-03-23 01:02:15.158352,-3.155953884124756
2025-03-23 01:02:45.158233,-3.0057997703552246
2025-03-23 01:03:15.157271,-2.866372585296631
2025-03-23 01:03:45.157272,-2.7376723289489746
2025-03-23 01:04:15.157199,-2.587522029876709
2025-03-23 01:04:45.156163,-2.4480948448181152
2025-03-23 01:05:15.156223,-2.3086676597595215
2025-03-23 01:05:45.156163,-2.212144374847412
2025-03-23 01:06:15.156231,-2.061990261077881
2025-03-23 01:06:45.156155,-1.9332901239395142
2025-03-23 01:07:15.155283,-1.8260399103164673
2025-03-23 01:07:45.155256,-1.6866127252578735
2025-03-23 01:08:15.156318,-1.5686393976211548
2025-03-23 01:08:45.157328,-1.439935326576233
2025-03-23 01:09:15.157360,-1.332685112953186
2025-03-23 01:09:45.157397,-1.2147079706192017
2025-03-23 01:10:15.157409,-1.1074577569961548
2025-03-23 01:10:45.158536,-1.0109344720840454
2025-03-23 01:11:15.158524,-0.9251304864883423
2025-03-23 01:11:45.158637,-0.8286072015762329
2025-03-23 01:12:15.158672,-0.7428070306777954
2025-03-23 01:12:45.159644,-0.6462799310684204
2025-03-23 01:13:15.158747,-0.5712028741836548
2025-03-23 01:13:45.158546,-0.528302788734436
2025-03-23 01:14:15.157841,-0.474679559469223
2025-03-23 01:14:45.157753,-0.43177565932273865
2025-03-23 01:15:15.156872,-0.3888755738735199
2025-03-23 01:15:45.157029,-0.34597548842430115
2025-03-23 01:16:15.157892,-0.3352523744106293
2025-03-23 01:16:45.157988,-0.3030754029750824
2025-03-23 01:17:15.158231,-0.27090224623680115
2025-03-23 01:17:45.158294,-0.26017531752586365
2025-03-23 01:18:15.158323,-0.2280021607875824
2025-03-23 01:18:45.158281,-0.2280021607875824
2025-03-23 01:19:15.157075,-0.19582518935203552
2025-03-23 01:19:45.157549,-0.19582518935203552
2025-03-23 01:20:15.157383,-0.19582518935203552
2025-03-23 01:20:45.157699,-0.17437514662742615
2025-03-23 01:21:15.157831,-0.18509826064109802
2025-03-23 01:21:45.157900,-0.16364821791648865
2025-03-23 01:22:15.156978,-0.16364821791648865
2025-03-23 01:22:45.157062,-0.14219817519187927
2025-03-23 01:23:15.158178,-0.14219817519187927
2025-03-23 01:23:45.158019,-0.14219817519187927
2025-03-23 01:24:15.157217,-0.1314750611782074
2025-03-23 01:24:45.156026,-0.1314750611782074
2025-03-23 01:25:15.155502,-0.1314750611782074
2025-03-23 01:25:45.154615,-0.09929809719324112
2025-03-23 01:26:15.155756,-0.11002502590417862
2025-03-23 01:26:45.155765,-0.11002502590417862
2025-03-23 01:27:15.154818,-0.11002502590417862
2025-03-23 01:27:45.153873,-0.08857498317956924
2025-03-23 01:28:15.153983,-0.1314750611782074
2025-03-23 01:28:45.154050,-0.09929809719324112
2025-03-23 01:29:15.154112,-0.08857498317956924
2025-03-23 01:29:45.154415,-0.11002502590417862
2025-03-23 01:30:15.154877,-0.09929809719324112
2025-03-23 01:30:45.156229,-0.08857498317956924
2025-03-23 01:31:15.156169,-0.08857498317956924
2025-03-23 01:31:45.156567,-0.08857498317956924
2025-03-23 01:32:15.156600,-0.05639801174402237
2025-03-23 01:32:45.155619,-0.06712494045495987
2025-03-23 01:33:15.154699,-0.07784805446863174
2025-03-23 01:33:45.154920,-0.08857498317956924
2025-03-23 01:34:15.154920,-0.07784805446863174
2025-03-23 01:34:45.155249,-0.07784805446863174
2025-03-23 01:35:15.154529,-0.07784805446863174
2025-03-23 01:35:45.154752,-0.08857498317956924
2025-03-23 01:36:15.154908,-0.07784805446863174
2025-03-23 01:36:45.154071,-0.07784805446863174
2025-03-23 01:37:15.155290,-0.06712494045495987
2025-03-23 01:37:45.155607,-0.05639801174402237
2025-03-23 01:38:15.155795,-0.06712494045495987
2025-03-23 01:38:45.155905,-0.045674897730350494
2025-03-23 01:39:15.157160,-0.05639801174402237
2025-03-23 01:39:45.157267,-0.045674897730350494
2025-03-23 01:40:15.158395,-0.045674897730350494
2025-03-23 01:40:45.159608,-0.045674897730350494
2025-03-23 01:41:15.159810,-0.05639801174402237
2025-03-23 01:41:45.159994,-0.045674897730350494
2025-03-23 01:42:15.160105,-0.045674897730350494
2025-03-23 01:42:45.160366,-0.045674897730350494
2025-03-23 01:43:15.160488,-0.045674897730350494
2025-03-23 01:43:45.160688,-0.045674897730350494
2025-03-23 01:44:15.160496,-0.045674897730350494
2025-03-23 01:44:45.160908,-0.045674897730350494
2025-03-23 01:45:15.160097,-0.045674897730350494
2025-03-23 01:45:45.161101,-0.045674897730350494
2025-03-23 01:46:15.161310,-0.045674897730350494
2025-03-23 01:46:45.160512,-0.034947969019412994
2025-03-23 01:47:15.159685,-0.045674897730350494
2025-03-23 01:47:45.158847,-0.01349792443215847
2025-03-23 01:48:15.157925,-0.045674897730350494
2025-03-23 01:48:45.157097,-0.034947969019412994
2025-03-23 01:49:15.157179,-0.045674897730350494
2025-03-23 01:49:45.157316,-0.045674897730350494
2025-03-23 01:50:15.157511,-0.045674897730350494
2025-03-23 01:50:45.156612,-0.045674897730350494
2025-03-23 01:51:15.156660,-0.02422485314309597
2025-03-23 01:51:45.155830,-0.045674897730350494
2025-03-23 01:52:15.155933,-0.02422485314309597
2025-03-23 01:52:45.155064,-0.02422485314309597
2025-03-23 01:53:15.155162,-0.045674897730350494
2025-03-23 01:53:45.155327,-0.01349792443215847
2025-03-23 01:54:15.154399,-0.02422485314309597
2025-03-23 01:54:45.153630,-0.01349792443215847
2025-03-23 01:55:15.152452,-0.045674897730350494
2025-03-23 01:55:45.151782,-0.02422485314309597
2025-03-23 01:56:15.151701,-0.02422485314309597
2025-03-23 01:56:45.150928,-0.034947969019412994
2025-03-23 01:57:15.151798,-0.01349792443215847
2025-03-23 01:57:45.152072,-0.0027748108841478825
2025-03-23 01:58:15.152020,-0.02422485314309597
2025-03-23 01:58:45.152549,-0.034947969019412994
2025-03-23 01:59:15.152153,-0.034947969019412994
2025-03-23 01:59:45.152684,-0.01349792443215847
2025-03-23 02:00:15.153277,-0.034947969019412994
2025-03-23 02:00:45.154368,-0.02422485314309597
2025-03-23 02:01:15.154147,-0.034947969019412994
2025-03-23 02:01:45.153989,-0.02422485314309597
2025-03-23 02:02:15.154279,-0.02422485314309597
2025-03-23 02:02:45.154181,-0.034947969019412994
2025-03-23 02:03:15.154051,-0.02422485314309597
2025-03-23 02:03:45.154240,-0.01349792443215847
2025-03-23 02:04:15.152949,-0.034947969019412994
2025-03-23 02:04:45.152891,-0.01349792443215847
2025-03-23 02:05:15.153125,-0.02422485314309597
2025-03-23 02:05:45.154146,-0.01349792443215847
2025-03-23 02:06:15.154140,-0.02422485314309597
2025-03-23 02:06:45.152882,-0.02422485314309597
2025-03-23 02:07:15.153083,-0.01349792443215847
2025-03-23 02:07:45.153085,-0.0027748108841478825
2025-03-23 02:08:15.153062,-0.034947969019412994
2025-03-23 02:08:45.153043,-0.02422485314309597
2025-03-23 02:09:15.153114,-0.01349792443215847
2025-03-23 02:09:45.152038,-0.0027748108841478825
2025-03-23 02:10:15.151100,-0.02422485314309597
2025-03-23 02:10:45.150101,-0.01349792443215847
2025-03-23 02:11:15.150132,-0.0027748108841478825
2025-03-23 02:11:45.149986,-0.01349792443215847
2025-03-23 02:12:15.149085,-0.02422485314309597
2025-03-23 02:12:45.149007,-0.01349792443215847
2025-03-23 02:13:15.148298,-0.0027748108841478825
2025-03-23 02:13:45.149363,-0.0027748108841478825
2025-03-23 02:14:15.148474,-0.01349792443215847
2025-03-23 02:14:45.147493,0.007952118292450905
2025-03-23 02:15:15.147530,-0.02422485314309597
2025-03-23 02:15:45.147576,-0.01349792443215847
2025-03-23 02:16:15.147775,-0.01349792443215847
2025-03-23 02:16:45.148708,-0.01349792443215847
2025-03-23 02:17:15.149512,0.007952118292450905
2025-03-23 02:17:45.150806,-0.0027748108841478825
2025-03-23 02:18:15.151834,-0.0027748108841478825
2025-03-23 02:18:45.151774,-0.01349792443215847
2025-03-23 02:19:15.150986,-0.0027748108841478825
2025-03-23 02:19:45.149660,-0.0027748108841478825
2025-03-23 02:20:15.150015,-0.0027748108841478825
2025-03-23 02:20:45.150212,-0.0027748108841478825
2025-03-23 02:21:15.149260,-0.01349792443215847
2025-03-23 02:21:45.149063,-0.0027748108841478825
2025-03-23 02:22:15.148290,-0.01349792443215847
2025-03-23 02:22:45.148500,-0.01349792443215847
2025-03-23 02:23:15.147141,0.007952118292450905
2025-03-23 02:23:45.148727,-0.0027748108841478825
2025-03-23 02:24:15.147637,-0.01349792443215847
2025-03-23 02:24:45.147687,0.007952118292450905
2025-03-23 02:25:15.147811,0.007952118292450905
2025-03-23 02:25:45.146843,-0.01349792443215847
2025-03-23 02:26:15.146942,0.007952118292450905
2025-03-23 02:26:45.147041,0.007952118292450905
2025-03-23 02:27:15.147730,-0.0027748108841478825
2025-03-23 02:27:45.148121,-0.0027748108841478825
2025-03-23 02:28:15.148204,-0.0027748108841478825
2025-03-23 02:28:45.148274,-0.0027748108841478825
2025-03-23 02:29:15.148335,0.01867523230612278
2025-03-23 02:29:45.149533,-0.0027748108841478825
2025-03-23 02:30:15.149615,0.007952118292450905
2025-03-23 02:30:45.148689,0.01867523230612278
2025-03-23 02:31:15.149770,-0.02422485314309597
2025-03-23 02:31:45.149372,0.01867523230612278
2025-03-23 02:32:15.148829,-0.0027748108841478825
2025-03-23 02:32:45.147972,-0.0027748108841478825
2025-03-23 02:33:15.147048,0.01867523230612278
2025-03-23 02:33:45.147057,0.007952118292450905
2025-03-23 02:34:15.147218,0.007952118292450905
2025-03-23 02:34:45.146486,-0.0027748108841478825
2025-03-23 02:35:15.146425,0.007952118292450905
2025-03-23 02:35:45.146846,-0.01349792443215847
2025-03-23 02:36:15.147063,-0.01349792443215847
2025-03-23 02:36:45.146264,-0.0027748108841478825
2025-03-23 02:37:15.145560,0.007952118292450905
2025-03-23 02:37:45.144705,0.007952118292450905
2025-03-23 02:38:15.143897,0.01867523230612278
2025-03-23 02:38:45.144086,-0.0027748108841478825
2025-03-23 02:39:15.145040,0.007952118292450905
2025-03-23 02:39:45.145400,-0.0027748108841478825
2025-03-23 02:40:15.146416,0.007952118292450905
2025-03-23 02:40:45.146816,0.007952118292450905
2025-03-23 02:41:15.146890,-0.0027748108841478825
2025-03-23 02:41:45.147032,-0.0027748108841478825
2025-03-23 02:42:15.147250,0.02940216101706028
2025-03-23 02:42:45.148537,0.007952118292450905
2025-03-23 02:43:15.148605,0.007952118292450905
2025-03-23 02:43:45.148701,-0.0027748108841478825
2025-03-23 02:44:15.148810,0.02940216101706028
2025-03-23 02:44:45.148009,-0.0027748108841478825
2025-03-23 02:45:15.148121,0.007952118292450905
2025-03-23 02:45:45.149261,0.007952118292450905
2025-03-23 02:46:15.149422,-0.0027748108841478825
2025-03-23 02:46:45.148587,0.01867523230612278
2025-03-23 02:47:15.148631,0.02940216101706028
2025-03-23 02:47:45.149781,0.01867523230612278
2025-03-23 02:48:15.149588,-0.01349792443215847
2025-03-23 02:48:45.150059,0.01867523230612278
2025-03-23 02:49:15.150210,-0.0027748108841478825
2025-03-23 02:49:45.149278,0.007952118292450905
2025-03-23 02:50:15.148424,0.01867523230612278
2025-03-23 02:50:45.147630,-0.0027748108841478825
2025-03-23 02:51:15.147503,0.01867523230612278
2025-03-23 02:51:45.147822,-0.0027748108841478825
2025-03-23 02:52:15.148937,0.02940216101706028
2025-03-23 02:52:45.150161,-0.0027748108841478825
2025-03-23 02:53:15.150135,0.007952118292450905
2025-03-23 02:53:45.150227,0.01867523230612278
2025-03-23 02:54:15.149413,0.007952118292450905
2025-03-23 02:54:45.149557,0.02940216101706028
2025-03-23 02:55:15.149701,0.007952118292450905
2025-03-23 02:55:45.149695,0.007952118292450905
2025-03-23 02:56:15.149847,0.007952118292450905
2025-03-23 02:56:45.149852,0.007952118292450905
2025-03-23 02:57:15.150851,-0.0027748108841478825
2025-03-23 02:57:45.151134,0.01867523230612278
2025-03-23 02:58:15.151200,0.02940216101706028
2025-03-23 02:58:45.151389,0.01867523230612278
2025-03-23 02:59:15.150544,-0.01349792443215847
2025-03-23 02:59:45.149679,-0.01349792443215847
2025-03-23 03:00:15.150717,0.007952118292450905
2025-03-23 03:00:45.149091,0.007952118292450905
2025-03-23 03:01:15.149299,0.007952118292450905
2025-03-23 03:01:45.148491,0.01867523230612278
2025-03-23 03:02:15.148336,0.02940216101706028
2025-03-23 03:02:45.149313,0.01867523230612278
2025-03-23 03:03:15.149271,0.007952118292450905
2025-03-23 03:03:45.148388,0.02940216101706028
2025-03-23 03:04:15.148201,0.007952118292450905
2025-03-23 03:04:45.148166,0.007952118292450905
2025-03-23 03:05:15.148153,0.01867523230612278
2025-03-23 03:05:45.147150,-0.0027748108841478825
2025-03-23 03:06:15.146859,0.01867523230612278
2025-03-23 03:06:45.146122,0.007952118292450905
2025-03-23 03:07:15.146130,0.007952118292450905
2025-03-23 03:07:45.146263,-0.0027748108841478825
2025-03-23 03:08:15.147076,0.01867523230612278
2025-03-23 03:08:45.147151,0.01867523230612278
2025-03-23 03:09:15.147160,0.01867523230612278
2025-03-23 03:09:45.146212,-0.0027748108841478825
2025-03-23 03:10:15.146159,0.007952118292450905
2025-03-23 03:10:45.146245,0.01867523230612278
2025-03-23 03:11:15.146263,0.007952118292450905
2025-03-23 03:11:45.146292,0.01867523230612278
2025-03-23 03:12:15.146330,0.007952118292450905
2025-03-23 03:12:45.146082,0.01867523230612278
2025-03-23 03:13:15.146419,-0.0027748108841478825
2025-03-23 03:13:45.146503,0.007952118292450905
2025-03-23 03:14:15.146552,0.01867523230612278
2025-03-23 03:14:45.146509,0.007952118292450905
2025-03-23 03:15:15.147622,0.01867523230612278
2025-03-23 03:15:45.146717,0.01867523230612278
2025-03-23 03:16:15.145773,0.02940216101706028
2025-03-23 03:16:45.143707,0.02940216101706028
2025-03-23 03:17:15.143792,0.01867523230612278
2025-03-23 03:17:45.143879,0.02940216101706028
2025-03-23 03:18:15.143889,0.007952118292450905
2025-03-23 03:18:45.143965,0.02940216101706028
2025-03-23 03:19:15.144996,0.02940216101706028
2025-03-23 03:19:45.145062,0.007952118292450905
2025-03-23 03:20:15.145190,0.01867523230612278
2025-03-23 03:20:45.144144,0.02940216101706028
2025-03-23 03:21:15.144226,0.01867523230612278
2025-03-23 03:21:45.144336,0.01867523230612278
2025-03-23 03:22:15.144141,0.02940216101706028
2025-03-23 03:22:45.143520,0.040125273168087006
2025-03-23 03:23:15.142518,0.01867523230612278
2025-03-23 03:23:45.142660,0.040125273168087006
2025-03-23 03:24:15.142636,0.040125273168087006
2025-03-23 03:24:45.143749,0.01867523230612278
2025-03-23 03:25:15.143817,0.02940216101706028
2025-03-23 03:25:45.143741,0.01867523230612278
2025-03-23 03:26:15.144745,0.007952118292450905
2025-03-23 03:26:45.143894,0.02940216101706028
2025-03-23 03:27:15.144089,0.01867523230612278
2025-03-23 03:27:45.144167,0.02940216101706028
2025-03-23 03:28:15.144206,0.01867523230612278
2025-03-23 03:28:45.144299,0.040125273168087006
2025-03-23 03:29:15.145289,0.01867523230612278
2025-03-23 03:29:45.145496,0.02940216101706028
2025-03-23 03:30:15.145587,0.02940216101706028
2025-03-23 03:30:45.145578,0.01867523230612278
2025-03-23 03:31:15.145727,0.02940216101706028
2025-03-23 03:31:45.145751,0.01867523230612278
2025-03-23 03:32:15.146802,0.040125273168087006
2025-03-23 03:32:45.146874,0.050852201879024506
2025-03-23 03:33:15.145951,0.007952118292450905
2025-03-23 03:33:45.146006,0.02940216101706028
2025-03-23 03:34:15.145986,0.040125273168087006
2025-03-23 03:34:45.145340,0.040125273168087006
2025-03-23 03:35:15.145666,0.02940216101706028
2025-03-23 03:35:45.146945,0.01867523230612278
2025-03-23 03:36:15.146135,0.040125273168087006
2025-03-23 03:36:45.145331,0.007952118292450905
2025-03-23 03:37:15.145589,0.06157531589269638
2025-03-23 03:37:45.145548,0.01867523230612278
2025-03-23 03:38:15.146222,0.02940216101706028
2025-03-23 03:38:45.145186,0.050852201879024506
2025-03-23 03:39:15.145617,0.040125273168087006
2025-03-23 03:39:45.145747,0.01867523230612278
2025-03-23 03:40:15.145963,0.01867523230612278
2025-03-23 03:40:45.146059,0.01867523230612278
2025-03-23 03:41:15.146254,0.01867523230612278
2025-03-23 03:41:45.146339,0.01867523230612278
2025-03-23 03:42:15.146691,0.050852201879024506
2025-03-23 03:42:45.146788,0.007952118292450905
2025-03-23 03:43:15.146042,0.02940216101706028
2025-03-23 03:43:45.146213,0.040125273168087006
2025-03-23 03:44:15.147371,0.01867523230612278
2025-03-23 03:44:45.147467,0.02940216101706028
2025-03-23 03:45:15.147719,0.040125273168087006
2025-03-23 03:45:45.147798,0.040125273168087006
2025-03-23 03:46:15.146911,0.02940216101706028
2025-03-23 03:46:45.147120,0.040125273168087006
2025-03-23 03:47:15.148184,0.02940216101706028
2025-03-23 03:47:45.147374,0.007952118292450905
2025-03-23 03:48:15.147596,0.01867523230612278
2025-03-23 03:48:45.147639,0.040125273168087006
2025-03-23 03:49:15.147796,0.007952118292450905
2025-03-23 03:49:45.148927,0.040125273168087006
2025-03-23 03:50:15.148055,0.040125273168087006
2025-03-23 03:50:45.147835,0.02940216101706028
2025-03-23 03:51:15.147882,0.040125273168087006
2025-03-23 03:51:45.147370,0.040125273168087006
2025-03-23 03:52:15.147127,0.040125273168087006
2025-03-23 03:52:45.148765,0.040125273168087006
2025-03-23 03:53:15.148844,0.040125273168087006
2025-03-23 03:53:45.148893,0.02940216101706028
2025-03-23 03:54:15.149035,0.02940216101706028
2025-03-23 03:54:45.148147,0.02940216101706028
2025-03-23 03:55:15.148329,0.040125273168087006
2025-03-23 03:55:45.147078,0.02940216101706028
2025-03-23 03:56:15.146610,0.050852201879024506
2025-03-23 03:56:45.147721,0.02940216101706028
2025-03-23 03:57:15.147810,0.040125273168087006
2025-03-23 03:57:45.147904,0.040125273168087006
2025-03-23 03:58:15.146991,0.040125273168087006
2025-03-23 03:58:45.147151,0.050852201879024506
2025-03-23 03:59:15.147188,0.02940216101706028
2025-03-23 03:59:45.147326,0.050852201879024506
2025-03-23 04:00:15.146338,0.06157531589269638
2025-03-23 04:00:45.146372,0.02940216101706028
2025-03-23 04:01:15.147261,0.040125273168087006
2025-03-23 04:01:45.147019,0.050852201879024506
2025-03-23 04:02:15.146096,0.050852201879024506
2025-03-23 04:02:45.145985,0.02940216101706028
2025-03-23 04:03:15.145816,0.02940216101706028
2025-03-23 04:03:45.145845,0.040125273168087006
2025-03-23 04:04:15.145759,0.050852201879024506
2025-03-23 04:04:45.145718,0.040125273168087006
2025-03-23 04:05:15.145752,0.02940216101706028
2025-03-23 04:05:45.145681,0.040125273168087006
2025-03-23 04:06:15.145655,0.050852201879024506
2025-03-23 04:06:45.145607,0.02940216101706028
2025-03-23 04:07:15.144649,0.02940216101706028
2025-03-23 04:07:45.144279,0.040125273168087006
2025-03-23 04:08:15.143618,0.050852201879024506
2025-03-23 04:08:45.144279,0.02940216101706028
2025-03-23 04:09:15.144623,0.02940216101706028
2025-03-23 04:09:45.143588,0.040125273168087006
2025-03-23 04:10:15.144158,0.040125273168087006
2025-03-23 04:10:45.144586,0.040125273168087006
2025-03-23 04:11:15.144593,0.050852201879024506
2025-03-23 04:11:45.144617,0.040125273168087006
2025-03-23 04:12:15.144670,0.02940216101706028
2025-03-23 04:12:45.144618,0.02940216101706028
2025-03-23 04:13:15.144517,0.06157531589269638
2025-03-23 04:13:45.143789,0.040125273168087006
2025-03-23 04:14:15.143770,0.050852201879024506
2025-03-23 04:14:45.142843,0.050852201879024506
2025-03-23 04:15:15.142837,0.050852201879024506
2025-03-23 04:15:45.142926,0.007952118292450905
2025-03-23 04:16:15.141963,0.040125273168087006
2025-03-23 04:16:45.141006,0.040125273168087006
2025-03-23 04:17:15.141065,0.050852201879024506
2025-03-23 04:17:45.141126,0.040125273168087006
2025-03-23 04:18:15.140967,0.040125273168087006
2025-03-23 04:18:45.140219,0.02940216101706028
2025-03-23 04:19:15.141283,0.06157531589269638
2025-03-23 04:19:45.141322,0.02940216101706028
2025-03-23 04:20:15.141346,0.06157531589269638
2025-03-23 04:20:45.142093,0.08302917331457138
2025-03-23 04:21:15.143551,0.06157531589269638
2025-03-23 04:21:45.143570,0.040125273168087006
2025-03-23 04:22:15.143631,0.02940216101706028
2025-03-23 04:22:45.142730,0.02940216101706028
2025-03-23 04:23:15.142382,0.050852201879024506
2025-03-23 04:23:45.142824,0.050852201879024506
2025-03-23 04:24:15.142891,0.06157531589269638
2025-03-23 04:24:45.142836,0.040125273168087006
2025-03-23 04:25:15.143964,0.050852201879024506
2025-03-23 04:25:45.143969,0.040125273168087006
2025-03-23 04:26:15.143183,0.06157531589269638
2025-03-23 04:26:45.143026,0.040125273168087006
2025-03-23 04:27:15.142275,0.06157531589269638
2025-03-23 04:27:45.142303,0.06157531589269638
2025-03-23 04:28:15.143385,0.06157531589269638
2025-03-23 04:28:45.142502,0.07230224460363388
2025-03-23 04:29:15.142598,0.01867523230612278
2025-03-23 04:29:45.142553,0.02940216101706028
2025-03-23 04:30:15.143496,0.050852201879024506
2025-03-23 04:30:45.143537,0.050852201879024506
2025-03-23 04:31:15.143807,0.050852201879024506
2025-03-23 04:31:45.142810,0.040125273168087006
2025-03-23 04:32:15.143900,0.050852201879024506
2025-03-23 04:32:45.142980,0.07230224460363388
2025-03-23 04:33:15.143095,0.050852201879024506
2025-03-23 04:33:45.143171,0.050852201879024506
2025-03-23 04:34:15.143244,0.050852201879024506
2025-03-23 04:34:45.143111,0.050852201879024506
2025-03-23 04:35:15.143635,0.06157531589269638
2025-03-23 04:35:45.144839,0.050852201879024506
2025-03-23 04:36:15.144053,0.050852201879024506
2025-03-23 04:36:45.145257,0.050852201879024506
2025-03-23 04:37:15.144411,0.050852201879024506
2025-03-23 04:37:45.143687,0.07230224460363388
2025-03-23 04:38:15.143812,0.06157531589269638
2025-03-23 04:38:45.143748,0.06157531589269638
2025-03-23 04:39:15.144186,0.06157531589269638
2025-03-23 04:39:45.144377,0.06157531589269638
2025-03-23 04:40:15.144577,0.07230224460363388
2025-03-23 04:40:45.144741,0.050852201879024506
2025-03-23 04:41:15.144838,0.050852201879024506
2025-03-23 04:41:45.144785,0.050852201879024506
2025-03-23 04:42:15.146182,0.050852201879024506
2025-03-23 04:42:45.145325,0.06157531589269638
2025-03-23 04:43:15.145101,0.040125273168087006
2025-03-23 04:43:45.145664,0.06157531589269638
2025-03-23 04:44:15.145791,0.06157531589269638
2025-03-23 04:44:45.145862,0.050852201879024506
2025-03-23 04:45:15.144836,0.06157531589269638
2025-03-23 04:45:45.145131,0.07230224460363388
2025-03-23 04:46:15.146144,0.06157531589269638
2025-03-23 04:46:45.146374,0.050852201879024506
2025-03-23 04:47:15.146505,0.050852201879024506
2025-03-23 04:47:45.146407,0.07230224460363388
2025-03-23 04:48:15.145428,0.08302917331457138
2025-03-23 04:48:45.145953,0.09375228732824326
2025-03-23 04:49:15.146087,0.06157531589269638
2025-03-23 04:49:45.146017,0.07230224460363388
2025-03-23 04:50:15.145327,0.06157531589269638
2025-03-23 04:50:45.145493,0.07230224460363388
2025-03-23 04:51:15.145560,0.07230224460363388
2025-03-23 04:51:45.145526,0.07230224460363388
2025-03-23 04:52:15.144792,0.06157531589269638
2025-03-23 04:52:45.144883,0.09375228732824326
2025-03-23 04:53:15.144076,0.07230224460363388
2025-03-23 04:53:45.143149,0.06157531589269638
2025-03-23 04:54:15.142267,0.07230224460363388
2025-03-23 04:54:45.141334,0.06157531589269638
2025-03-23 04:55:15.140492,0.07230224460363388
2025-03-23 04:55:45.140659,0.07230224460363388
2025-03-23 04:56:15.140751,0.07230224460363388
2025-03-23 04:56:45.140812,0.050852201879024506
2025-03-23 04:57:15.140916,0.07230224460363388
2025-03-23 04:57:45.141000,0.06157531589269638
2025-03-23 04:58:15.141153,0.06157531589269638
2025-03-23 04:58:45.141193,0.08302917331457138
2025-03-23 04:59:15.141296,0.07230224460363388
2025-03-23 04:59:45.141541,0.07230224460363388
2025-03-23 05:00:15.140543,0.08302917331457138
2025-03-23 05:00:45.140619,0.08302917331457138
2025-03-23 05:01:15.140571,0.07230224460363388
2025-03-23 05:01:45.139421,0.08302917331457138
2025-03-23 05:02:15.139556,0.07230224460363388
2025-03-23 05:02:45.138499,0.08302917331457138
2025-03-23 05:03:15.138511,0.06157531589269638
2025-03-23 05:03:45.138378,0.07230224460363388
2025-03-23 05:04:15.138314,0.07230224460363388
2025-03-23 05:04:45.138412,0.06157531589269638
2025-03-23 05:05:15.137412,0.07230224460363388
2025-03-23 05:05:45.136512,0.07230224460363388
2025-03-23 05:06:15.136481,0.07230224460363388
2025-03-23 05:06:45.136588,0.08302917331457138
2025-03-23 05:07:15.136712,0.08302917331457138
2025-03-23 05:07:45.136612,0.07230224460363388
2025-03-23 05:08:15.136632,0.07230224460363388
2025-03-23 05:08:45.135678,0.06157531589269638
2025-03-23 05:09:15.135708,0.08302917331457138
2025-03-23 05:09:45.135693,0.08302917331457138
2025-03-23 05:10:15.134620,0.09375228732824326
2025-03-23 05:10:45.134512,0.09375228732824326
2025-03-23 05:11:15.133730,0.07230224460363388
2025-03-23 05:11:45.132840,0.06157531589269638
2025-03-23 05:12:15.132899,0.08302917331457138
2025-03-23 05:12:45.132909,0.07230224460363388
2025-03-23 05:13:15.133988,0.08302917331457138
2025-03-23 05:13:45.134089,0.07230224460363388
2025-03-23 05:14:15.135151,0.09375228732824326
2025-03-23 05:14:45.135214,0.08302917331457138
2025-03-23 05:15:15.136272,0.08302917331457138
2025-03-23 05:15:45.135318,0.09375228732824326
2025-03-23 05:16:15.135374,0.07230224460363388
2025-03-23 05:16:45.136511,0.09375228732824326
2025-03-23 05:17:15.136480,0.08302917331457138
2025-03-23 05:17:45.136400,0.07230224460363388
2025-03-23 05:18:15.136623,0.07230224460363388
2025-03-23 05:18:45.136772,0.10447921603918076
2025-03-23 05:19:15.136808,0.09375228732824326
2025-03-23 05:19:45.136877,0.10447921603918076
2025-03-23 05:20:15.136954,0.09375228732824326
2025-03-23 05:20:45.136869,0.08302917331457138
2025-03-23 05:21:15.137090,0.09375228732824326
2025-03-23 05:21:45.137164,0.09375228732824326
2025-03-23 05:22:15.138143,0.09375228732824326
2025-03-23 05:22:45.139129,0.11520233005285263
2025-03-23 05:23:15.138478,0.10447921603918076
2025-03-23 05:23:45.138518,0.09375228732824326
2025-03-23 05:24:15.138578,0.08302917331457138
2025-03-23 05:24:45.138573,0.10447921603918076
2025-03-23 05:25:15.138673,0.09375228732824326
2025-03-23 05:25:45.139763,0.09375228732824326
2025-03-23 05:26:15.139844,0.09375228732824326
2025-03-23 05:26:45.138935,0.09375228732824326
2025-03-23 05:27:15.138003,0.09375228732824326
2025-03-23 05:27:45.138078,0.11520233005285263
2025-03-23 05:28:15.137125,0.10447921603918076
2025-03-23 05:28:45.136246,0.09375228732824326
2025-03-23 05:29:15.136270,0.11520233005285263
2025-03-23 05:29:45.136353,0.09375228732824326
2025-03-23 05:30:15.135404,0.10447921603918076
2025-03-23 05:30:45.135585,0.10447921603918076
2025-03-23 05:31:15.135722,0.11520233005285263
2025-03-23 05:31:45.135765,0.09375228732824326
2025-03-23 05:32:15.134748,0.09375228732824326
2025-03-23 05:32:45.135922,0.10447921603918076
2025-03-23 05:33:15.135833,0.10447921603918076
2025-03-23 05:33:45.136053,0.10447921603918076
2025-03-23 05:34:15.135868,0.11520233005285263
2025-03-23 05:34:45.135330,0.10447921603918076
2025-03-23 05:35:15.135651,0.11520233005285263
2025-03-23 05:35:45.135817,0.11520233005285263
2025-03-23 05:36:15.136147,0.10447921603918076
2025-03-23 05:36:45.136296,0.10447921603918076
2025-03-23 05:37:15.136575,0.09375228732824326
2025-03-23 05:37:45.136806,0.10447921603918076
2025-03-23 05:38:15.137061,0.11520233005285263
2025-03-23 05:38:45.136301,0.1366523802280426
2025-03-23 05:39:15.137557,0.10447921603918076
2025-03-23 05:39:45.137465,0.11520233005285263
2025-03-23 05:40:15.138961,0.10447921603918076
2025-03-23 05:40:45.138949,0.11520233005285263
2025-03-23 05:41:15.139323,0.11520233005285263
2025-03-23 05:41:45.139370,0.11520233005285263
2025-03-23 05:42:15.139658,0.09375228732824326
2025-03-23 05:42:45.140824,0.12592926621437073
2025-03-23 05:43:15.141041,0.11520233005285263
2025-03-23 05:43:45.141066,0.10447921603918076
2025-03-23 05:44:15.141112,0.12592926621437073
2025-03-23 05:44:45.142614,0.11520233005285263
2025-03-23 05:45:15.142738,0.11520233005285263
2025-03-23 05:45:45.143891,0.12592926621437073
2025-03-23 05:46:15.144971,0.12592926621437073
2025-03-23 05:46:45.145169,0.12592926621437073
2025-03-23 05:47:15.145316,0.11520233005285263
2025-03-23 05:47:45.146536,0.11520233005285263
2025-03-23 05:48:15.147556,0.11520233005285263
2025-03-23 05:48:45.147796,0.11520233005285263
2025-03-23 05:49:15.148964,0.11520233005285263
2025-03-23 05:49:45.148057,0.10447921603918076
2025-03-23 05:50:15.148039,0.12592926621437073
2025-03-23 05:50:45.149340,0.12592926621437073
2025-03-23 05:51:15.150587,0.12592926621437073
2025-03-23 05:51:45.151667,0.1366523802280426
2025-03-23 05:52:15.151666,0.12592926621437073
2025-03-23 05:52:45.151886,0.12592926621437073
2025-03-23 05:53:15.152027,0.1366523802280426
2025-03-23 05:53:45.152050,0.12592926621437073
2025-03-23 05:54:15.153340,0.1366523802280426
2025-03-23 05:54:45.154500,0.1366523802280426
2025-03-23 05:55:15.153648,0.11520233005285263
2025-03-23 05:55:45.151789,0.1366523802280426
2025-03-23 05:56:15.151727,0.1366523802280426
2025-03-23 05:56:45.151974,0.1366523802280426
2025-03-23 05:57:15.151958,0.12592926621437073
2025-03-23 05:57:45.152245,0.1473793089389801
2025-03-23 05:58:15.153333,0.1366523802280426
2025-03-23 05:58:45.153321,0.1366523802280426
2025-03-23 05:59:15.153643,0.1473793089389801
2025-03-23 05:59:45.153786,0.1473793089389801
2025-03-23 06:00:15.153779,0.1366523802280426
2025-03-23 06:00:45.153697,0.12592926621437073
2025-03-23 06:01:15.153550,0.1366523802280426
2025-03-23 06:01:45.154302,0.1366523802280426
2025-03-23 06:02:15.153206,0.1473793089389801
2025-03-23 06:02:45.153092,0.1366523802280426
2025-03-23 06:03:15.152935,0.1366523802280426
2025-03-23 06:03:45.152847,0.1473793089389801
2025-03-23 06:04:15.152615,0.1366523802280426
2025-03-23 06:04:45.152728,0.1473793089389801
2025-03-23 06:05:15.152478,0.1366523802280426
2025-03-23 06:05:45.152594,0.17955246567726135
2025-03-23 06:06:15.153510,0.1366523802280426
2025-03-23 06:06:45.153373,0.1366523802280426
2025-03-23 06:07:15.153514,0.1473793089389801
2025-03-23 06:07:45.152508,0.1473793089389801
2025-03-23 06:08:15.152410,0.1366523802280426
2025-03-23 06:08:45.153367,0.16882935166358948
2025-03-23 06:09:15.153336,0.1366523802280426
2025-03-23 06:09:45.154380,0.1473793089389801
2025-03-23 06:10:15.154268,0.12592926621437073
2025-03-23 06:10:45.154257,0.1473793089389801
2025-03-23 06:11:15.154338,0.15810242295265198
2025-03-23 06:11:45.154240,0.16882935166358948
2025-03-23 06:12:15.154181,0.1366523802280426
2025-03-23 06:12:45.154340,0.1366523802280426
2025-03-23 06:13:15.155513,0.1366523802280426
2025-03-23 06:13:45.155502,0.1473793089389801
2025-03-23 06:14:15.154582,0.17955246567726135
2025-03-23 06:14:45.154609,0.15810242295265198
2025-03-23 06:15:15.154594,0.17955246567726135
2025-03-23 06:15:45.154366,0.15810242295265198
2025-03-23 06:16:15.154629,0.17955246567726135
2025-03-23 06:16:45.154771,0.1473793089389801
2025-03-23 06:17:15.154744,0.16882935166358948
2025-03-23 06:17:45.154799,0.16882935166358948
2025-03-23 06:18:15.154762,0.16882935166358948
2025-03-23 06:18:45.153854,0.1473793089389801
2025-03-23 06:19:15.153876,0.16882935166358948
2025-03-23 06:19:45.155009,0.17955246567726135
2025-03-23 06:20:15.154948,0.15810242295265198
2025-03-23 06:20:45.155077,0.16882935166358948
2025-03-23 06:21:15.155191,0.1473793089389801
2025-03-23 06:21:45.155249,0.16882935166358948
2025-03-23 06:22:15.155278,0.17955246567726135
2025-03-23 06:22:45.156376,0.17955246567726135
2025-03-23 06:23:15.155503,0.16882935166358948
2025-03-23 06:23:45.155553,0.16882935166358948
2025-03-23 06:24:15.155530,0.16882935166358948
2025-03-23 06:24:45.155716,0.17955246567726135
2025-03-23 06:25:15.155709,0.17955246567726135
2025-03-23 06:25:45.155810,0.17955246567726135
2025-03-23 06:26:15.154795,0.15810242295265198
2025-03-23 06:26:45.154884,0.20100250840187073
2025-03-23 06:27:15.154651,0.16882935166358948
2025-03-23 06:27:45.156054,0.19027939438819885
2025-03-23 06:28:15.156140,0.17955246567726135
2025-03-23 06:28:45.156203,0.20100250840187073
2025-03-23 06:29:15.157111,0.17955246567726135
2025-03-23 06:29:45.156364,0.19027939438819885
2025-03-23 06:30:15.156477,0.19027939438819885
2025-03-23 06:30:45.156429,0.19027939438819885
2025-03-23 06:31:15.156642,0.19027939438819885
2025-03-23 06:31:45.156728,0.17955246567726135
2025-03-23 06:32:15.156701,0.20100250840187073
2025-03-23 06:32:45.156819,0.17955246567726135
2025-03-23 06:33:15.156910,0.19027939438819885
2025-03-23 06:33:45.158101,0.16882935166358948
2025-03-23 06:34:15.158049,0.17955246567726135
2025-03-23 06:34:45.157067,0.20100250840187073
2025-03-23 06:35:15.157415,0.21172943711280823
2025-03-23 06:35:45.156564,0.19027939438819885
2025-03-23 06:36:15.156329,0.17955246567726135
2025-03-23 06:36:45.156866,0.20100250840187073
2025-03-23 06:37:15.157033,0.20100250840187073
2025-03-23 06:37:45.158308,0.21172943711280823
2025-03-23 06:38:15.158421,0.2224525511264801
2025-03-23 06:38:45.158628,0.20100250840187073
2025-03-23 06:39:15.158750,0.20100250840187073
2025-03-23 06:39:45.158608,0.21172943711280823
2025-03-23 06:40:15.158992,0.20100250840187073
2025-03-23 06:40:45.159082,0.20100250840187073
2025-03-23 06:41:15.158268,0.21172943711280823
2025-03-23 06:41:45.158404,0.20100250840187073
2025-03-23 06:42:15.157542,0.2224525511264801
2025-03-23 06:42:45.157698,0.2224525511264801
2025-03-23 06:43:15.157800,0.20100250840187073
2025-03-23 06:43:45.157933,0.2224525511264801
2025-03-23 06:44:15.157643,0.20100250840187073
2025-03-23 06:44:45.157171,0.20100250840187073
2025-03-23 06:45:15.158296,0.20100250840187073
2025-03-23 06:45:45.158510,0.2224525511264801
2025-03-23 06:46:15.158585,0.2331794798374176
2025-03-23 06:46:45.159641,0.2224525511264801
2025-03-23 06:47:15.159776,0.21172943711280823
2025-03-23 06:47:45.158892,0.20100250840187073
2025-03-23 06:48:15.159021,0.24390259385108948
2025-03-23 06:48:45.159030,0.20100250840187073
2025-03-23 06:49:15.159155,0.2224525511264801
2025-03-23 06:49:45.159348,0.2331794798374176
2025-03-23 06:50:15.159393,0.2224525511264801
2025-03-23 06:50:45.159551,0.2224525511264801
2025-03-23 06:51:15.159581,0.2224525511264801
2025-03-23 06:51:45.160746,0.2331794798374176
2025-03-23 06:52:15.160869,0.2224525511264801
2025-03-23 06:52:45.160981,0.24390259385108948
2025-03-23 06:53:15.161988,0.2224525511264801
2025-03-23 06:53:45.161838,0.24390259385108948
2025-03-23 06:54:15.162306,0.26535263657569885
2025-03-23 06:54:45.162395,0.2331794798374176
2025-03-23 06:55:15.162534,0.254629522562027
2025-03-23 06:55:45.162610,0.24390259385108948
2025-03-23 06:56:15.163341,0.2331794798374176
2025-03-23 06:56:45.162814,0.254629522562027
2025-03-23 06:57:15.162792,0.2331794798374176
2025-03-23 06:57:45.161927,0.2224525511264801
2025-03-23 06:58:15.162106,0.24390259385108948
2025-03-23 06:58:45.162077,0.2331794798374176
2025-03-23 06:59:15.162341,0.24390259385108948
2025-03-23 06:59:45.162375,0.26535263657569885
2025-03-23 07:00:15.162555,0.254629522562027
2025-03-23 07:00:45.163223,0.254629522562027
2025-03-23 07:01:15.163292,0.254629522562027
2025-03-23 07:01:45.164304,0.2331794798374176
2025-03-23 07:02:15.164272,0.254629522562027
2025-03-23 07:02:45.164203,0.254629522562027
2025-03-23 07:03:15.164176,0.254629522562027
2025-03-23 07:03:45.165153,0.26535263657569885
2025-03-23 07:04:15.166191,0.26535263657569885
2025-03-23 07:04:45.166157,0.24390259385108948
2025-03-23 07:05:15.167150,0.254629522562027
2025-03-23 07:05:45.167155,0.27607956528663635
2025-03-23 07:06:15.166851,0.254629522562027
2025-03-23 07:06:45.168156,0.254629522562027
2025-03-23 07:07:15.168093,0.254629522562027
2025-03-23 07:07:45.167047,0.27607956528663635
2025-03-23 07:08:15.167177,0.26535263657569885
2025-03-23 07:08:45.166198,0.26535263657569885
2025-03-23 07:09:15.166170,0.254629522562027
2025-03-23 07:09:45.165242,0.254629522562027
2025-03-23 07:10:15.165223,0.26535263657569885
2025-03-23 07:10:45.165303,0.254629522562027
2025-03-23 07:11:15.164283,0.2868026793003082
2025-03-23 07:11:45.164312,0.2868026793003082
2025-03-23 07:12:15.164216,0.27607956528663635
2025-03-23 07:12:45.164505,0.2868026793003082
2025-03-23 07:13:15.165490,0.2975296080112457
2025-03-23 07:13:45.165588,0.2868026793003082
2025-03-23 07:14:15.165623,0.2868026793003082
2025-03-23 07:14:45.165685,0.26535263657569885
2025-03-23 07:15:15.165714,0.2868026793003082
2025-03-23 07:15:45.165684,0.27607956528663635
2025-03-23 07:16:15.165771,0.27607956528663635
2025-03-23 07:16:45.166800,0.3082527220249176
2025-03-23 07:17:15.166793,0.3189796507358551
2025-03-23 07:17:45.165882,0.2975296080112457
2025-03-23 07:18:15.165987,0.2975296080112457
2025-03-23 07:18:45.165054,0.2975296080112457
2025-03-23 07:19:15.166029,0.2975296080112457
2025-03-23 07:19:45.166170,0.2868026793003082
2025-03-23 07:20:15.167231,0.3189796507358551
2025-03-23 07:20:45.166307,0.3082527220249176
2025-03-23 07:21:15.167318,0.2868026793003082
2025-03-23 07:21:45.167494,0.2975296080112457
2025-03-23 07:22:15.168539,0.2975296080112457
2025-03-23 07:22:45.167547,0.3189796507358551
2025-03-23 07:23:15.167613,0.2975296080112457
2025-03-23 07:23:45.167730,0.3082527220249176
2025-03-23 07:24:15.167785,0.3082527220249176
2025-03-23 07:24:45.166561,0.3404296934604645
2025-03-23 07:25:15.165850,0.329702764749527
2025-03-23 07:25:45.165920,0.329702764749527
2025-03-23 07:26:15.166018,0.3082527220249176
2025-03-23 07:26:45.166084,0.3082527220249176
2025-03-23 07:27:15.166154,0.329702764749527
2025-03-23 07:27:45.166163,0.3189796507358551
2025-03-23 07:28:15.165184,0.2975296080112457
2025-03-23 07:28:45.165091,0.329702764749527
2025-03-23 07:29:15.165526,0.3189796507358551
2025-03-23 07:29:45.165358,0.329702764749527
2025-03-23 07:30:15.165620,0.3404296934604645
2025-03-23 07:30:45.164349,0.329702764749527
2025-03-23 07:31:15.164699,0.329702764749527
2025-03-23 07:31:45.164315,0.3189796507358551
2025-03-23 07:32:15.164783,0.3082527220249176
2025-03-23 07:32:45.164872,0.329702764749527
2025-03-23 07:33:15.164960,0.3404296934604645
2025-03-23 07:33:45.163991,0.3404296934604645
2025-03-23 07:34:15.165139,0.3189796507358551
2025-03-23 07:34:45.166283,0.3404296934604645
2025-03-23 07:35:15.167632,0.36187973618507385
2025-03-23 07:35:45.167856,0.3404296934604645
2025-03-23 07:36:15.169101,0.329702764749527
2025-03-23 07:36:45.169227,0.329702764749527
2025-03-23 07:37:15.169625,0.3404296934604645
2025-03-23 07:37:45.169561,0.329702764749527
2025-03-23 07:38:15.169991,0.36187973618507385
2025-03-23 07:38:45.170095,0.37260666489601135
2025-03-23 07:39:15.169514,0.3404296934604645
2025-03-23 07:39:45.170625,0.36187973618507385
2025-03-23 07:40:15.170667,0.37260666489601135
2025-03-23 07:40:45.170786,0.36187973618507385
2025-03-23 07:41:15.170049,0.351156622171402
2025-03-23 07:41:45.170373,0.351156622171402
2025-03-23 07:42:15.171558,0.36187973618507385
2025-03-23 07:42:45.170679,0.3404296934604645
2025-03-23 07:43:15.170845,0.3833297789096832
2025-03-23 07:43:45.171009,0.36187973618507385
2025-03-23 07:44:15.171192,0.37260666489601135
2025-03-23 07:44:45.171298,0.37260666489601135
2025-03-23 07:45:15.172549,0.37260666489601135
2025-03-23 07:45:45.172685,0.36187973618507385
2025-03-23 07:46:15.171785,0.37260666489601135
2025-03-23 07:46:45.171948,0.4047798216342926
2025-03-23 07:47:15.172071,0.3833297789096832
2025-03-23 07:47:45.172209,0.37260666489601135
2025-03-23 07:48:15.172224,0.3940567076206207
2025-03-23 07:48:45.172407,0.37260666489601135
2025-03-23 07:49:15.171533,0.3940567076206207
2025-03-23 07:49:45.171583,0.4047798216342926
2025-03-23 07:50:15.171876,0.3833297789096832
2025-03-23 07:50:45.171963,0.37260666489601135
2025-03-23 07:51:15.172126,0.3940567076206207
2025-03-23 07:51:45.172239,0.4047798216342926
2025-03-23 07:52:15.172364,0.3833297789096832
2025-03-23 07:52:45.172398,0.4047798216342926
2025-03-23 07:53:15.172634,0.3833297789096832
2025-03-23 07:53:45.170490,0.4047798216342926
2025-03-23 07:54:15.168801,0.3940567076206207
2025-03-23 07:54:45.168684,0.4047798216342926
2025-03-23 07:55:15.168005,0.4047798216342926
2025-03-23 07:55:45.169181,0.4047798216342926
2025-03-23 07:56:15.170266,0.4047798216342926
2025-03-23 07:56:45.170374,0.4047798216342926
2025-03-23 07:57:15.169498,0.4047798216342926
2025-03-23 07:57:45.169679,0.4155067503452301
2025-03-23 07:58:15.168725,0.426229864358902
2025-03-23 07:58:45.168848,0.426229864358902
2025-03-23 07:59:15.168798,0.44767990708351135
2025-03-23 07:59:45.168058,0.4155067503452301
2025-03-23 08:00:15.167118,0.4155067503452301
2025-03-23 08:00:45.166067,0.4155067503452301
2025-03-23 08:01:15.165876,0.426229864358902
2025-03-23 08:01:45.165759,0.4047798216342926
2025-03-23 08:02:15.165760,0.4155067503452301
2025-03-23 08:02:45.166368,0.4047798216342926
2025-03-23 08:03:15.166534,0.4155067503452301
2025-03-23 08:03:45.166416,0.44767990708351135
2025-03-23 08:04:15.166465,0.4369567930698395
2025-03-23 08:04:45.166298,0.44767990708351135
2025-03-23 08:05:15.166253,0.44767990708351135
2025-03-23 08:05:45.167196,0.44767990708351135
2025-03-23 08:06:15.167184,0.426229864358902
2025-03-23 08:06:45.167086,0.45840683579444885
2025-03-23 08:07:15.167118,0.4369567930698395
2025-03-23 08:07:45.166862,0.44767990708351135
2025-03-23 08:08:15.167327,0.4691299498081207
2025-03-23 08:08:45.167155,0.44767990708351135
2025-03-23 08:09:15.168026,0.44767990708351135
2025-03-23 08:09:45.168045,0.44767990708351135
2025-03-23 08:10:15.169045,0.44767990708351135
2025-03-23 08:10:45.169094,0.45840683579444885
2025-03-23 08:11:15.169067,0.44767990708351135
2025-03-23 08:11:45.170095,0.45840683579444885
2025-03-23 08:12:15.170092,0.44767990708351135
2025-03-23 08:12:45.169724,0.45840683579444885
2025-03-23 08:13:15.170099,0.4691299498081207
2025-03-23 08:13:45.170190,0.44767990708351135
2025-03-23 08:14:15.170214,0.4798568785190582
2025-03-23 08:14:45.168901,0.44767990708351135
2025-03-23 08:15:15.168305,0.4155067503452301
2025-03-23 08:15:45.168366,0.4047798216342926
2025-03-23 08:16:15.167368,0.426229864358902
2025-03-23 08:16:45.166371,0.4047798216342926
2025-03-23 08:17:15.166502,0.426229864358902
2025-03-23 08:17:45.166505,0.4047798216342926
2025-03-23 08:18:15.166605,0.3940567076206207
2025-03-23 08:18:45.167393,0.426229864358902
2025-03-23 08:19:15.167500,0.3940567076206207
2025-03-23 08:19:45.168686,0.3940567076206207
2025-03-23 08:20:15.168602,0.3940567076206207
2025-03-23 08:20:45.168802,0.3940567076206207
2025-03-23 08:21:15.168605,0.3833297789096832
2025-03-23 08:21:45.167904,0.4047798216342926
2025-03-23 08:22:15.167782,0.3940567076206207
2025-03-23 08:22:45.168001,0.4047798216342926
2025-03-23 08:23:15.167853,0.3940567076206207
2025-03-23 08:23:45.168120,0.4047798216342926
2025-03-23 08:24:15.166772,0.4047798216342926
2025-03-23 08:24:45.167229,0.4155067503452301
2025-03-23 08:25:15.166893,0.426229864358902
2025-03-23 08:25:45.166399,0.3940567076206207
2025-03-23 08:26:15.166637,0.4155067503452301
2025-03-23 08:26:45.166547,0.4155067503452301
2025-03-23 08:27:15.166291,0.426229864358902
2025-03-23 08:27:45.167684,0.3940567076206207
2025-03-23 08:28:15.167649,0.4155067503452301
2025-03-23 08:28:45.167798,0.4369567930698395
2025-03-23 08:29:15.166795,0.44767990708351135
2025-03-23 08:29:45.166885,0.426229864358902
2025-03-23 08:30:15.167913,0.45840683579444885
2025-03-23 08:30:45.168954,0.44767990708351135
2025-03-23 08:31:15.170014,0.45840683579444885
2025-03-23 08:31:45.170077,0.45840683579444885
2025-03-23 08:32:15.170220,0.45840683579444885
2025-03-23 08:32:45.170277,0.45840683579444885
2025-03-23 08:33:15.170352,0.45840683579444885
2025-03-23 08:33:45.170163,0.4691299498081207
2025-03-23 08:34:15.170486,0.4691299498081207
2025-03-23 08:34:45.170689,0.4798568785190582
2025-03-23 08:35:15.169689,0.4691299498081207
2025-03-23 08:35:45.169176,0.4691299498081207
2025-03-23 08:36:15.169411,0.4905799925327301
2025-03-23 08:36:45.169756,0.4691299498081207
2025-03-23 08:37:15.170857,0.45840683579444885
2025-03-23 08:37:45.171156,0.4691299498081207
2025-03-23 08:38:15.172376,0.4905799925327301
2025-03-23 08:38:45.172598,0.4905799925327301
2025-03-23 08:39:15.172853,0.4905799925327301
2025-03-23 08:39:45.172957,0.4691299498081207
2025-03-23 08:40:15.174089,0.45840683579444885
2025-03-23 08:40:45.173372,0.4905799925327301
2025-03-23 08:41:15.173507,0.4905799925327301
2025-03-23 08:41:45.174762,0.4798568785190582
2025-03-23 08:42:15.174902,0.4905799925327301
2025-03-23 08:42:45.175019,0.4905799925327301
2025-03-23 08:43:15.175075,0.4905799925327301
2025-03-23 08:43:45.174352,0.5013068914413452
2025-03-23 08:44:15.174229,0.5013068914413452
2025-03-23 08:44:45.175705,0.4905799925327301
2025-03-23 08:45:15.175796,0.5120300054550171
2025-03-23 08:45:45.174942,0.4905799925327301
2025-03-23 08:46:15.175146,0.4905799925327301
2025-03-23 08:46:45.175275,0.5227569341659546
2025-03-23 08:47:15.175420,0.5120300054550171
2025-03-23 08:47:45.174539,0.5120300054550171
2025-03-23 08:48:15.174742,0.5120300054550171
2025-03-23 08:48:45.175820,0.5120300054550171
2025-03-23 08:49:15.175860,0.5334800481796265
2025-03-23 08:49:45.176952,0.5227569341659546
2025-03-23 08:50:15.175194,0.5013068914413452
2025-03-23 08:50:45.175274,0.5227569341659546
2025-03-23 08:51:15.175282,0.5120300054550171
2025-03-23 08:51:45.175600,0.5334800481796265
2025-03-23 08:52:15.175691,0.5120300054550171
2025-03-23 08:52:45.176763,0.5227569341659546
2025-03-23 08:53:15.176915,0.5120300054550171
2025-03-23 08:53:45.176996,0.5227569341659546
2025-03-23 08:54:15.177149,0.5227569341659546
2025-03-23 08:54:45.178105,0.5334800481796265
2025-03-23 08:55:15.179354,0.5227569341659546
2025-03-23 08:55:45.179607,0.5334800481796265
2025-03-23 08:56:15.179579,0.5227569341659546
2025-03-23 08:56:45.178698,0.544206976890564
2025-03-23 08:57:15.178878,0.5549300909042358
2025-03-23 08:57:45.177855,0.5334800481796265
2025-03-23 08:58:15.178025,0.5334800481796265
2025-03-23 08:58:45.177003,0.5549300909042358
2025-03-23 08:59:15.177100,0.5549300909042358
2025-03-23 08:59:45.178259,0.5549300909042358
2025-03-23 09:00:15.178301,0.5656570196151733
2025-03-23 09:00:45.177946,0.5549300909042358
2025-03-23 09:01:15.177186,0.5549300909042358
2025-03-23 09:01:45.176096,0.5871070623397827
2025-03-23 09:02:15.176973,0.5656570196151733
2025-03-23 09:02:45.175794,0.5871070623397827
2025-03-23 09:03:15.174745,0.5549300909042358
2025-03-23 09:03:45.174839,0.5871070623397827
2025-03-23 09:04:15.173579,0.5656570196151733
2025-03-23 09:04:45.173821,0.5763801336288452
2025-03-23 09:05:15.173792,0.6085571050643921
2025-03-23 09:05:45.173581,0.5978301763534546
2025-03-23 09:06:15.173794,0.5978301763534546
2025-03-23 09:06:45.172751,0.5871070623397827
2025-03-23 09:07:15.172788,0.5871070623397827
2025-03-23 09:07:45.172763,0.6192840337753296
2025-03-23 09:08:15.170777,0.6085571050643921
2025-03-23 09:08:45.169786,0.6192840337753296
2025-03-23 09:09:15.169775,0.6192840337753296
2025-03-23 09:09:45.169572,0.5978301763534546
2025-03-23 09:10:15.168710,0.6192840337753296
2025-03-23 09:10:45.168791,0.6300071477890015
2025-03-23 09:11:15.167841,0.6300071477890015
2025-03-23 09:11:45.167731,0.6192840337753296
2025-03-23 09:12:15.166909,0.6192840337753296
2025-03-23 09:12:45.166846,0.6514571905136108
2025-03-23 09:13:15.165935,0.6300071477890015
2025-03-23 09:13:45.166010,0.640734076499939
2025-03-23 09:14:15.165956,0.6514571905136108
2025-03-23 09:14:45.167088,0.6621841192245483
2025-03-23 09:15:15.166977,0.6836341619491577
2025-03-23 09:15:45.168137,0.6514571905136108
2025-03-23 09:16:15.168237,0.6729072332382202
2025-03-23 09:16:45.168259,0.6729072332382202
2025-03-23 09:17:15.168314,0.6729072332382202
2025-03-23 09:17:45.168363,0.6729072332382202
2025-03-23 09:18:15.167326,0.6729072332382202
2025-03-23 09:18:45.167489,0.7050842046737671
2025-03-23 09:19:15.167562,0.6729072332382202
2025-03-23 09:19:45.166629,0.6943572759628296
2025-03-23 09:20:15.166354,0.6943572759628296
2025-03-23 09:20:45.165802,0.7050842046737671
2025-03-23 09:21:15.165618,0.715807318687439
2025-03-23 09:21:45.165810,0.715807318687439
2025-03-23 09:22:15.165756,0.7265342473983765
2025-03-23 09:22:45.165822,0.715807318687439
2025-03-23 09:23:15.166107,0.7265342473983765
2025-03-23 09:23:45.167059,0.715807318687439
2025-03-23 09:24:15.166970,0.7265342473983765
2025-03-23 09:24:45.167147,0.7587074041366577
2025-03-23 09:25:15.166067,0.715807318687439
2025-03-23 09:25:45.166305,0.7587074041366577
2025-03-23 09:26:15.166313,0.7587074041366577
2025-03-23 09:26:45.165270,0.7694343328475952
2025-03-23 09:27:15.165510,0.7479842901229858
2025-03-23 09:27:45.164561,0.7694343328475952
2025-03-23 09:28:15.164661,0.7908843755722046
2025-03-23 09:28:45.164684,0.7908843755722046
2025-03-23 09:29:15.164806,0.7801574468612671
2025-03-23 09:29:45.164834,0.8016074895858765
2025-03-23 09:30:15.165911,0.8016074895858765
2025-03-23 09:30:45.165968,0.8230575323104858
2025-03-23 09:31:15.166044,0.8230575323104858
2025-03-23 09:31:45.166102,0.8230575323104858
2025-03-23 09:32:15.166152,0.8445075750350952
2025-03-23 09:32:45.166193,0.8552345037460327
2025-03-23 09:33:15.165263,0.8445075750350952
2025-03-23 09:33:45.165325,0.8445075750350952
2025-03-23 09:34:15.164375,0.8659576177597046
2025-03-23 09:34:45.163597,0.8552345037460327
2025-03-23 09:35:15.164757,0.8874114751815796
2025-03-23 09:35:45.163851,0.8659576177597046
2025-03-23 09:36:15.162961,0.8981345891952515
2025-03-23 09:36:45.162096,0.8874114751815796
2025-03-23 09:37:15.162218,0.908861517906189
2025-03-23 09:37:45.162332,0.908861517906189
2025-03-23 09:38:15.162294,0.9303115606307983
2025-03-23 09:38:45.162543,0.9195846319198608
2025-03-23 09:39:15.161695,0.9303115606307983
2025-03-23 09:39:45.160712,0.9517616033554077
2025-03-23 09:40:15.160809,0.9410346746444702
2025-03-23 09:40:45.160963,0.9410346746444702
2025-03-23 09:41:15.160723,0.9517616033554077
2025-03-23 09:41:45.160929,0.9410346746444702
2025-03-23 09:42:15.161140,0.9624847173690796
2025-03-23 09:42:45.161214,0.9517616033554077
2025-03-23 09:43:15.161473,0.9624847173690796
2025-03-23 09:43:45.161614,0.9624847173690796
2025-03-23 09:44:15.160660,0.9517616033554077
2025-03-23 09:44:45.160685,0.9624847173690796
2025-03-23 09:45:15.160855,0.9624847173690796
2025-03-23 09:45:45.159901,0.9732116460800171
2025-03-23 09:46:15.160055,0.9624847173690796
2025-03-23 09:46:45.160140,0.983934760093689
2025-03-23 09:47:15.159148,0.9946616888046265
2025-03-23 09:47:45.160335,1.0053848028182983
2025-03-23 09:48:15.161490,1.0053848028182983
2025-03-23 09:48:45.160506,0.983934760093689
2025-03-23 09:49:15.160657,1.0053848028182983
2025-03-23 09:49:45.160677,1.0161117315292358
2025-03-23 09:50:15.161741,1.0161117315292358
2025-03-23 09:50:45.161893,1.0053848028182983
2025-03-23 09:51:15.162928,1.0161117315292358
2025-03-23 09:51:45.163050,1.048284888267517
2025-03-23 09:52:15.162009,1.048284888267517
2025-03-23 09:52:45.162230,1.0697349309921265
2025-03-23 09:53:15.162963,1.048284888267517
2025-03-23 09:53:45.163395,1.048284888267517
2025-03-23 09:54:15.162533,1.0590118169784546
2025-03-23 09:54:45.162504,1.0590118169784546
2025-03-23 09:55:15.162609,1.0697349309921265
2025-03-23 09:55:45.162780,1.048284888267517
2025-03-23 09:56:15.161852,1.080461859703064
2025-03-23 09:56:45.161911,1.080461859703064
2025-03-23 09:57:15.161804,1.0911849737167358
2025-03-23 09:57:45.161993,1.1019119024276733
2025-03-23 09:58:15.161001,1.1019119024276733
2025-03-23 09:58:45.161078,1.1126350164413452
2025-03-23 09:59:15.160336,1.1126350164413452
2025-03-23 09:59:45.160372,1.1340850591659546
2025-03-23 10:00:15.160347,1.144811987876892
2025-03-23 10:00:45.160635,1.1555389165878296
2025-03-23 10:01:15.161703,1.176988959312439
2025-03-23 10:01:45.160761,1.1555389165878296
2025-03-23 10:02:15.161573,1.176988959312439
2025-03-23 10:02:45.160787,1.2198890447616577
2025-03-23 10:03:15.159939,1.2091621160507202
2025-03-23 10:03:45.160029,1.2198890447616577
2025-03-23 10:04:15.159732,1.2306121587753296
2025-03-23 10:04:45.158695,1.2306121587753296
2025-03-23 10:05:15.159113,1.252062201499939
2025-03-23 10:05:45.158224,1.252062201499939
2025-03-23 10:06:15.158299,1.2842391729354858
2025-03-23 10:06:45.158532,1.2842391729354858
2025-03-23 10:07:15.158550,1.2842391729354858
2025-03-23 10:07:45.157681,1.2949622869491577
2025-03-23 10:08:15.157713,1.3056892156600952
2025-03-23 10:08:45.157814,1.3056892156600952
2025-03-23 10:09:15.156834,1.3271392583847046
2025-03-23 10:09:45.156898,1.316412329673767
2025-03-23 10:10:15.158026,1.3378623723983765
2025-03-23 10:10:45.158067,1.3593124151229858
2025-03-23 10:11:15.157151,1.3378623723983765
2025-03-23 10:11:45.156174,1.3378623723983765
2025-03-23 10:12:15.156342,1.3807624578475952
2025-03-23 10:12:45.156417,1.348589301109314
2025-03-23 10:13:15.156561,1.348589301109314
2025-03-23 10:13:45.157628,1.3807624578475952
2025-03-23 10:14:15.157701,1.3914893865585327
2025-03-23 10:14:45.158497,1.3807624578475952
2025-03-23 10:15:15.158771,1.3807624578475952
2025-03-23 10:15:45.158913,1.3914893865585327
2025-03-23 10:16:15.158979,1.4022125005722046
2025-03-23 10:16:45.158998,1.4343894720077515
2025-03-23 10:17:15.157970,1.4343894720077515
2025-03-23 10:17:45.157166,1.4343894720077515
2025-03-23 10:18:15.157234,1.4343894720077515
2025-03-23 10:18:45.156291,1.445116400718689
2025-03-23 10:19:15.155190,1.4558395147323608
2025-03-23 10:19:45.154557,1.509466528892517
2025-03-23 10:20:15.154603,1.520189642906189
2025-03-23 10:20:45.154766,1.5309165716171265
2025-03-23 10:21:15.154808,1.584539771080017
2025-03-23 10:21:45.154751,1.6488898992538452
2025-03-23 10:22:15.154920,1.6596168279647827
2025-03-23 10:22:45.154952,1.6917937994003296
2025-03-23 10:23:15.156068,1.6917937994003296
2025-03-23 10:23:45.157141,1.7561439275741577
2025-03-23 10:24:15.157216,1.777593970298767
2025-03-23 10:24:45.157304,1.788317084312439
2025-03-23 10:25:15.157407,1.777593970298767
2025-03-23 10:25:45.157394,1.777593970298767
2025-03-23 10:26:15.157643,1.7561439275741577
2025-03-23 10:26:45.157723,1.7561439275741577
2025-03-23 10:27:15.156757,1.7239669561386108
2025-03-23 10:27:45.156759,1.7454169988632202
2025-03-23 10:28:15.156783,1.713243842124939
2025-03-23 10:28:45.156950,1.7239669561386108
2025-03-23 10:29:15.156042,1.7239669561386108
2025-03-23 10:29:45.156256,1.7454169988632202
2025-03-23 10:30:08.382743,1.7561439275741577
2025-03-23 10:31:08.348531,1.7561439275741577
2025-03-23 10:32:08.348607,1.788317084312439
2025-03-23 10:33:08.348618,1.8312171697616577
2025-03-23 10:34:08.350554,1.8097671270370483
2025-03-23 10:35:08.351075,1.8633941411972046
2025-03-23 10:36:08.352689,1.8741172552108765
2025-03-23 10:37:08.352950,1.8741172552108765
2025-03-23 10:38:08.353254,1.8955672979354858
2025-03-23 10:39:08.353574,1.884844183921814
2025-03-23 10:40:08.353095,1.9170173406600952
2025-03-23 10:41:08.353215,1.9062942266464233
2025-03-23 10:42:08.352592,1.9384673833847046
2025-03-23 10:43:08.352780,1.949194312095642
2025-03-23 10:44:08.351032,1.9706443548202515
2025-03-23 10:45:08.352372,1.9920943975448608
2025-03-23 10:46:08.353622,2.0242714881896973
2025-03-23 10:47:08.353865,1.9920943975448608
2025-03-23 10:48:08.354953,2.0242714881896973
2025-03-23 10:49:08.354321,2.0457215309143066
2025-03-23 10:50:08.356515,2.0886216163635254
2025-03-23 10:51:08.356772,2.1100716590881348
2025-03-23 10:52:08.359033,2.1100716590881348
2025-03-23 10:53:08.361109,2.1207947731018066
2025-03-23 10:54:08.362309,2.1529717445373535
2025-03-23 10:55:08.361656,2.1636948585510254
2025-03-23 10:56:08.360892,2.1851449012756348
2025-03-23 10:57:08.362062,2.1958718299865723
2025-03-23 10:58:08.362092,2.2173218727111816
2025-03-23 10:59:08.363521,2.2494988441467285
2025-03-23 11:00:08.363702,2.2923989295959473
2025-03-23 11:01:08.364560,2.303122043609619
2025-03-23 11:02:08.366482,2.335299015045166
2025-03-23 11:03:08.366347,2.3674721717834473
2025-03-23 11:04:08.366277,2.399649143218994
2025-03-23 11:05:08.364224,2.4639992713928223
2025-03-23 11:06:08.364121,2.4854493141174316
2025-03-23 11:07:08.363131,2.5283493995666504
2025-03-23 11:08:08.363331,2.5819764137268066
2025-03-23 11:09:08.364378,2.5926995277404785
2025-03-23 11:10:08.364232,2.6355996131896973
2025-03-23 11:11:08.364496,2.6892266273498535
2025-03-23 11:12:08.363629,2.7213997840881348
2025-03-23 11:13:08.362703,2.775026798248291
2025-03-23 11:14:08.362785,2.8179268836975098
2025-03-23 11:15:08.362720,2.8608269691467285
2025-03-23 11:16:08.363953,2.935904026031494
2025-03-23 11:17:08.364076,3.010977268218994
2025-03-23 11:18:08.362109,3.0538811683654785
2025-03-23 11:19:08.360961,3.1289544105529785
2025-03-23 11:20:08.359362,3.1825814247131348
2025-03-23 11:21:08.359536,3.2576546669006348
2025-03-23 11:22:08.359550,3.3327317237854004
2025-03-23 11:23:08.357779,3.4292588233947754
2025-03-23 11:24:08.356908,3.4936089515686035
2025-03-23 11:25:08.358021,3.611586093902588
2025-03-23 11:26:08.358220,3.6973862648010254
2025-03-23 11:27:08.358354,3.783186435699463
2025-03-23 11:28:08.357538,3.8689866065979004
2025-03-23 11:29:08.357678,3.9655137062072754
2025-03-23 11:30:08.356593,4.062036991119385
2025-03-23 11:31:08.357101,4.147840976715088
2025-03-23 11:32:08.357050,4.244364261627197
2025-03-23 11:33:08.356217,4.330164432525635
2025-03-23 11:34:08.355286,4.415968418121338
2025-03-23 11:35:08.354806,4.523218631744385
2025-03-23 11:36:08.355284,4.609018802642822
2025-03-23 11:37:08.353761,4.716269016265869
2025-03-23 11:38:08.355094,4.823519229888916
2025-03-23 11:39:08.353418,4.909323215484619
2025-03-23 11:40:08.354865,4.995123386383057
2025-03-23 11:41:08.355161,5.1023736000061035
2025-03-23 11:42:08.356530,5.177450656890869
2025-03-23 11:43:08.357812,5.306150913238525
2025-03-23 11:44:08.358106,5.381224155426025
2025-03-23 11:45:08.358335,5.509928226470947
2025-03-23 11:46:08.358736,5.585001468658447
2025-03-23 11:47:08.359958,5.670801639556885
2025-03-23 11:48:08.359100,5.799505710601807
2025-03-23 11:49:08.360515,5.896028995513916
2025-03-23 11:50:08.360674,5.992556095123291
2025-03-23 11:51:08.362946,6.0783562660217285
2025-03-23 11:52:08.362178,6.185606479644775
2025-03-23 11:53:08.363415,6.260683536529541
2025-03-23 11:54:08.362677,6.357210636138916
2025-03-23 11:55:08.363796,6.475183963775635
2025-03-23 11:56:08.364949,6.5395379066467285
2025-03-23 11:57:08.366287,6.646788120269775
2025-03-23 11:58:08.368494,6.743311405181885
2025-03-23 11:59:08.369756,6.829115390777588
2025-03-23 12:00:08.370777,6.914915561676025
2025-03-23 12:01:08.370797,7.011438846588135
2025-03-23 12:02:08.372687,7.10796594619751
2025-03-23 12:03:08.373489,7.215216159820557
2025-03-23 12:04:08.373476,7.279566287994385
2025-03-23 12:05:08.372132,7.37609338760376
2025-03-23 12:06:08.371385,7.451170444488525
2025-03-23 12:07:08.370359,7.5155205726623535
2025-03-23 12:08:08.370356,7.6227707862854
2025-03-23 12:09:08.369295,7.6871209144592285
2025-03-23 12:10:08.368355,7.794371128082275
2025-03-23 12:11:08.368404,7.869448184967041
2025-03-23 12:12:08.367561,7.976698398590088
2025-03-23 12:13:08.367378,8.041048049926758
2025-03-23 12:14:08.367724,8.116125106811523
2025-03-23 12:15:08.367743,8.22337532043457
2025-03-23 12:16:08.366710,8.287725448608398
2025-03-23 12:17:08.367061,8.362802505493164
2025-03-23 12:18:08.365045,8.459329605102539
2025-03-23 12:19:08.364153,8.534402847290039
2025-03-23 12:20:08.363272,8.630929946899414
2025-03-23 12:21:08.363379,8.68455696105957
2025-03-23 12:22:08.364548,8.75963020324707
2025-03-23 12:23:08.365622,8.845430374145508
2025-03-23 12:24:08.364741,8.941957473754883
2025-03-23 12:25:08.364829,9.02775764465332
2025-03-23 12:26:08.364016,9.092107772827148
2025-03-23 12:27:08.363076,9.167184829711914
2025-03-23 12:28:08.362134,9.231534957885742
2025-03-23 12:29:08.362481,9.29588508605957
2025-03-23 12:30:08.361594,9.381685256958008
2025-03-23 12:31:08.361742,9.446035385131836
2025-03-23 12:32:08.361838,9.531839370727539
2025-03-23 12:33:08.360994,9.606912612915039
2025-03-23 12:34:08.361131,9.703439712524414
2025-03-23 12:35:08.361588,9.746339797973633
2025-03-23 12:36:08.360698,9.821416854858398
2025-03-23 12:37:08.360947,9.896490097045898
2025-03-23 12:38:08.360151,9.971567153930664
2025-03-23 12:39:08.360400,10.035917282104492
2025-03-23 12:40:08.361047,10.12171745300293
2025-03-23 12:41:08.359316,10.175344467163086
2025-03-23 12:42:08.361653,10.239694595336914
2025-03-23 12:43:08.362294,10.304044723510742
2025-03-23 12:44:08.363683,10.379121780395508
2025-03-23 12:45:08.365987,10.454195022583008
2025-03-23 12:46:08.367312,10.529272079467773
2025-03-23 12:47:08.365625,10.58289909362793
2025-03-23 12:48:08.364770,10.65797233581543
2025-03-23 12:49:08.363104,10.700872421264648
2025-03-23 12:50:08.362555,10.765222549438477
2025-03-23 12:51:08.362788,10.861749649047852
2025-03-23 12:52:08.361817,10.92609977722168
2025-03-23 12:53:08.362308,10.990449905395508
2025-03-23 12:54:08.363573,11.054800033569336
2025-03-23 12:55:08.363906,11.108427047729492
2025-03-23 12:56:08.364152,11.17277717590332
2025-03-23 12:57:08.365393,11.258577346801758
2025-03-23 12:58:08.365508,11.301477432250977
2025-03-23 12:59:08.364836,11.376554489135742
2025-03-23 13:00:08.365107,11.419454574584961
2025-03-23 13:01:08.364953,11.473081588745117
2025-03-23 13:02:08.365767,11.548154830932617
2025-03-23 13:03:08.365600,11.612508773803711
2025-03-23 13:04:08.365575,11.676858901977539
2025-03-23 13:05:08.365332,11.741209030151367
2025-03-23 13:06:08.365318,11.816282272338867
2025-03-23 13:07:08.364206,11.859182357788086
2025-03-23 13:08:08.363274,11.912809371948242
2025-03-23 13:09:08.363185,11.97715950012207
2025-03-23 13:10:08.364082,12.041509628295898
2025-03-23 13:11:08.363294,12.084409713745117
2025-03-23 13:12:08.364388,12.159486770629883
2025-03-23 13:13:08.365391,12.202386856079102
2025-03-23 13:14:08.366584,12.277463912963867
2025-03-23 13:15:08.366489,12.331087112426758
2025-03-23 13:16:08.365731,12.395437240600586
2025-03-23 13:17:08.366833,12.43834114074707
2025-03-23 13:18:08.366961,12.524141311645508
2025-03-23 13:19:08.365943,12.577764511108398
2025-03-23 13:20:08.364183,12.609941482543945
2025-03-23 13:21:08.364342,12.663564682006836
2025-03-23 13:22:08.364413,12.749368667602539
2025-03-23 13:23:08.365624,12.80299186706543
2025-03-23 13:24:08.366771,12.845891952514648
2025-03-23 13:25:08.366629,12.899518966674805
2025-03-23 13:26:08.368022,12.953145980834961
2025-03-23 13:27:08.369164,13.028219223022461
2025-03-23 13:28:08.368279,13.07111930847168
2025-03-23 13:29:08.368271,13.092569351196289
2025-03-23 13:30:08.368631,13.167646408081055
2025-03-23 13:31:08.367783,13.231996536254883
2025-03-23 13:32:08.365804,13.26417350769043
2025-03-23 13:33:08.367128,13.328523635864258
2025-03-23 13:34:08.368213,13.371423721313477
2025-03-23 13:35:08.369720,13.435773849487305
2025-03-23 13:36:08.370076,13.500123977661133
2025-03-23 13:37:08.371748,13.53230094909668
2025-03-23 13:38:08.373007,13.58592414855957
2025-03-23 13:39:08.373397,13.650274276733398
2025-03-23 13:40:08.375792,13.671724319458008
2025-03-23 13:41:08.377027,13.746801376342773
2025-03-23 13:42:08.377226,13.77897834777832
2025-03-23 13:43:08.377836,13.832601547241211
2025-03-23 13:44:08.376142,13.896951675415039
2025-03-23 13:45:08.377368,13.939851760864258
2025-03-23 13:46:08.376752,13.982751846313477
2025-03-23 13:47:08.378048,14.025655746459961
2025-03-23 13:48:08.377911,14.079278945922852
2025-03-23 13:49:08.378368,14.132905960083008
2025-03-23 13:50:08.378880,14.186529159545898
2025-03-23 13:51:08.378164,14.229429244995117
2025-03-23 13:52:08.378408,14.250879287719727
2025-03-23 13:53:08.377718,14.325956344604492
2025-03-23 13:54:08.377100,14.368856430053711
2025-03-23 13:55:08.376148,14.41175651550293
2025-03-23 13:56:08.375413,14.454656600952148
2025-03-23 13:57:08.376656,14.519006729125977
2025-03-23 13:58:08.375903,14.540456771850586
2025-03-23 13:59:08.376006,14.594083786010742
2025-03-23 14:00:08.376292,14.647710800170898
2025-03-23 14:01:08.375076,14.67988395690918
2025-03-23 14:02:08.373876,14.733510971069336
2025-03-23 14:03:08.373781,14.776411056518555
2025-03-23 14:04:08.372631,14.797861099243164
2025-03-23 14:05:08.372601,14.840761184692383
2025-03-23 14:06:08.373588,14.894388198852539
2025-03-23 14:07:08.373527,14.958738327026367
2025-03-23 14:08:08.372488,15.001638412475586
2025-03-23 14:09:08.371500,15.033811569213867
2025-03-23 14:10:08.370598,15.076711654663086
2025-03-23 14:11:08.369536,15.108888626098633
2025-03-23 14:12:08.368703,15.162515640258789
2025-03-23 14:13:08.368780,15.205415725708008
2025-03-23 14:14:08.368795,15.248315811157227
2025-03-23 14:15:08.368897,15.301939010620117
2025-03-23 14:16:08.369012,15.334115982055664
2025-03-23 14:17:08.370138,15.366292953491211
2025-03-23 14:18:08.369231,15.419916152954102
2025-03-23 14:19:08.369295,15.46281623840332
2025-03-23 14:20:08.369344,15.494993209838867
2025-03-23 14:21:08.367586,15.537893295288086
2025-03-23 14:22:08.367767,15.591516494750977
2025-03-23 14:23:08.367870,15.634420394897461
2025-03-23 14:24:08.367962,15.666593551635742
2025-03-23 14:25:08.368156,15.709493637084961
2025-03-23 14:26:08.368309,15.73094367980957
2025-03-23 14:27:08.368501,15.784570693969727
2025-03-23 14:28:08.370653,15.816743850708008
2025-03-23 14:29:08.370793,15.859643936157227
2025-03-23 14:30:08.370918,15.870370864868164
2025-03-23 14:31:08.369999,15.94544792175293
2025-03-23 14:32:08.371230,15.966897964477539
2025-03-23 14:33:08.372131,15.988348007202148
2025-03-23 14:34:08.373559,16.052698135375977
2025-03-23 14:35:08.373968,16.074148178100586
2025-03-23 14:36:08.373398,16.095598220825195
2025-03-23 14:37:08.374862,16.159948348999023
2025-03-23 14:38:08.375324,16.19212532043457
2025-03-23 14:39:08.375729,16.23502540588379
2025-03-23 14:40:08.375861,16.2564754486084
2025-03-23 14:41:08.376412,16.320825576782227
2025-03-23 14:42:08.376661,16.3315486907959
2025-03-23 14:43:08.376907,16.352998733520508
2025-03-23 14:44:08.376332,16.395898818969727
2025-03-23 14:45:08.375667,16.449525833129883
2025-03-23 14:46:08.376949,16.48170280456543
2025-03-23 14:47:08.378175,16.50315284729004
2025-03-23 14:48:08.378485,16.52460289001465
2025-03-23 14:49:08.376881,16.588953018188477
2025-03-23 14:50:08.377958,16.631853103637695
2025-03-23 14:51:08.378239,16.653303146362305
2025-03-23 14:52:08.377584,16.685476303100586
2025-03-23 14:53:08.378651,16.72838020324707
2025-03-23 14:54:08.378953,16.74983024597168
2025-03-23 14:55:08.380107,16.80345344543457
2025-03-23 14:56:08.379351,16.835630416870117
2025-03-23 14:57:08.378308,16.857080459594727
2025-03-23 14:58:08.377558,16.857080459594727
2025-03-23 14:59:08.379070,16.932153701782227
2025-03-23 15:00:08.379149,16.932153701782227
2025-03-23 15:01:08.380067,16.97505760192871
2025-03-23 15:02:08.379502,17.007230758666992
2025-03-23 15:03:08.380860,17.03940773010254
2025-03-23 15:04:08.380834,17.09303092956543
2025-03-23 15:05:08.380763,17.103757858276367
2025-03-23 15:06:08.379795,17.16810417175293
2025-03-23 15:07:08.379776,17.178831100463867
2025-03-23 15:08:08.378555,17.221731185913086
2025-03-23 15:09:08.378740,17.2539119720459
2025-03-23 15:10:08.378766,17.275358200073242
2025-03-23 15:11:08.378863,17.31825828552246
2025-03-23 15:12:08.377888,17.3289852142334
2025-03-23 15:13:08.378979,17.371885299682617
2025-03-23 15:14:08.381048,17.382612228393555
2025-03-23 15:15:08.382140,17.414785385131836
2025-03-23 15:16:08.382213,17.468412399291992
2025-03-23 15:17:08.383389,17.4791316986084
2025-03-23 15:18:08.382565,17.51131248474121
2025-03-23 15:19:08.382666,17.543485641479492
2025-03-23 15:20:08.381755,17.575658798217773
2025-03-23 15:21:08.380893,17.59711265563965
2025-03-23 15:22:08.380988,17.640012741088867
2025-03-23 15:23:08.382113,17.67218589782715
2025-03-23 15:24:08.382273,17.67218589782715
2025-03-23 15:25:08.381413,17.725812911987305
2025-03-23 15:26:08.382582,17.757986068725586
2025-03-23 15:27:08.384730,17.768712997436523
2025-03-23 15:28:08.385854,17.800886154174805
2025-03-23 15:29:08.385927,17.82234001159668
2025-03-23 15:30:08.385130,17.85451316833496
2025-03-23 15:31:08.385280,17.89741325378418
2025-03-23 15:32:08.385479,17.918867111206055
2025-03-23 15:33:08.385646,17.92958641052246
2025-03-23 15:34:08.385724,17.97248649597168
2025-03-23 15:35:08.386117,17.983213424682617
2025-03-23 15:36:08.386768,18.026113510131836
2025-03-23 15:37:08.389228,18.04756736755371
2025-03-23 15:38:08.389663,18.079740524291992
2025-03-23 15:39:08.390142,18.101194381713867
2025-03-23 15:40:08.389476,18.13336753845215
2025-03-23 15:41:08.389851,18.154813766479492
2025-03-23 15:42:08.391273,18.186994552612305
2025-03-23 15:43:08.392485,18.19771385192871
2025-03-23 15:44:08.392880,18.20844078063965
2025-03-23 15:45:08.393262,18.251340866088867
2025-03-23 15:46:08.393623,18.294240951538086
2025-03-23 15:47:08.394863,18.294240951538086
2025-03-23 15:48:08.396106,18.337141036987305
2025-03-23 15:49:08.395380,18.369321823120117
2025-03-23 15:50:08.395716,18.4014949798584
2025-03-23 15:51:08.395858,18.4014949798584
2025-03-23 15:52:08.397205,18.43366813659668
2025-03-23 15:53:08.396211,18.46584129333496
2025-03-23 15:54:08.396739,18.4765682220459
2025-03-23 15:55:08.396931,18.519468307495117
2025-03-23 15:56:08.398020,18.519468307495117
2025-03-23 15:57:08.398334,18.5516414642334
2025-03-23 15:58:08.397648,18.573095321655273
2025-03-23 15:59:08.398806,18.59454917907715
2025-03-23 16:00:08.398996,18.615995407104492
2025-03-23 16:01:08.398945,18.66962242126465
2025-03-23 16:02:08.400790,18.680349349975586
2025-03-23 16:03:08.400772,18.70179557800293
2025-03-23 16:04:08.400679,18.74469566345215
2025-03-23 16:05:08.401627,18.755422592163086
2025-03-23 16:06:08.402569,18.787595748901367
2025-03-23 16:07:08.402600,18.787595748901367
2025-03-23 16:08:08.402528,18.809049606323242
2025-03-23 16:09:08.402619,18.830495834350586
2025-03-23 16:10:08.402597,18.85194969177246
2025-03-23 16:11:08.403743,18.884122848510742
2025-03-23 16:12:08.403707,18.89484977722168
2025-03-23 16:13:08.404826,18.916296005249023
2025-03-23 16:14:08.405891,18.9377498626709
2025-03-23 16:15:08.404882,18.991376876831055
2025-03-23 16:16:08.406009,18.980649948120117
2025-03-23 16:17:08.407186,19.0128231048584
2025-03-23 16:18:08.407303,19.0128231048584
2025-03-23 16:19:08.407477,19.04499626159668
2025-03-23 16:20:08.407554,19.066450119018555
2025-03-23 16:21:08.407724,19.109350204467773
2025-03-23 16:22:08.407786,19.109350204467773
2025-03-23 16:23:08.407934,19.152250289916992
2025-03-23 16:24:08.409020,19.152250289916992
2025-03-23 16:25:08.408982,19.184423446655273
2025-03-23 16:26:08.408364,19.216604232788086
2025-03-23 16:27:08.409597,19.23805046081543
2025-03-23 16:28:08.407682,19.259504318237305
2025-03-23 16:29:08.407800,19.248777389526367
2025-03-23 16:30:08.409929,19.27022361755371
2025-03-23 16:31:08.409091,19.302404403686523
2025-03-23 16:32:08.409252,19.31312370300293
2025-03-23 16:33:08.407202,19.345304489135742
2025-03-23 16:34:08.406541,19.35602378845215
2025-03-23 16:35:08.408016,19.377477645874023
2025-03-23 16:36:08.409623,19.38820457458496
2025-03-23 16:37:08.409130,19.409650802612305
2025-03-23 16:38:08.408645,19.43110466003418
2025-03-23 16:39:08.408012,19.46327781677246
2025-03-23 16:40:08.409608,19.46327781677246
2025-03-23 16:41:08.410914,19.484731674194336
2025-03-23 16:42:08.412329,19.50617790222168
2025-03-23 16:43:08.412710,19.53835105895996
2025-03-23 16:44:08.412086,19.559804916381836
2025-03-23 16:45:08.411539,19.570531845092773
2025-03-23 16:46:08.412826,19.58125114440918
2025-03-23 16:47:08.412929,19.613431930541992
2025-03-23 16:48:08.414522,19.602705001831055
2025-03-23 16:49:08.414509,19.634878158569336
2025-03-23 16:50:08.415075,19.65633201599121
2025-03-23 16:51:08.414282,19.677778244018555
2025-03-23 16:52:08.413391,19.688505172729492
2025-03-23 16:53:08.414904,19.69923210144043
2025-03-23 16:54:08.416230,19.73140525817871
2025-03-23 16:55:08.417542,19.74213218688965
2025-03-23 16:56:08.418749,19.752859115600586
2025-03-23 16:57:08.420024,19.752859115600586
2025-03-23 16:58:08.421554,19.795759201049805
2025-03-23 16:59:08.421425,19.80647850036621
2025-03-23 17:00:08.421794,19.838659286499023
2025-03-23 17:01:08.420579,19.838659286499023
2025-03-23 17:02:08.419317,19.870832443237305
2025-03-23 17:03:08.420133,19.870832443237305
2025-03-23 17:04:08.420029,19.903005599975586
